"","1","2","Glycan1","Glycan2","mass","probability","Glycan"
"1",656,2890.7004,"Hex(1)HexNAc(1)NeuAc(1)","H6N8F2",30709.9404,0.00140952809363913,"Hex(1)HexNAc(1)NeuAc(1) _ H6N8F2"
"2",947.323,2890.7004,"Hex(1)HexNAc(1)NeuAc(2)","H6N8F2",31001.2634,0.0098894555862028,"Hex(1)HexNAc(1)NeuAc(2) _ H6N8F2"
"3",1021.74,2890.7004,"Hex(2)HexNAc(2)NeuAc(1)","H6N8F2",31075.6804,0.00150801752221869,"Hex(2)HexNAc(2)NeuAc(1) _ H6N8F2"
"4",1063.363,2890.7004,"Hex(2)HexNAc(2)NeuAc(1) + Acetyl","H6N8F2",31117.3034,0.000706906365421842,"Hex(2)HexNAc(2)NeuAc(1) + Acetyl _ H6N8F2"
"5",1143.333,2890.7004,"Hex(2)HexNAc(2)NeuAc(1) + Acetyl + sulfation","H6N8F2",31197.2734,0.000629898175803783,"Hex(2)HexNAc(2)NeuAc(1) + Acetyl + sulfation _ H6N8F2"
"6",1167.423,2890.7004,"Hex(2)HexNAc(2)Fuc(1)NeuAc(1)","H6N8F2",31221.3634,0.000901791609410347,"Hex(2)HexNAc(2)Fuc(1)NeuAc(1) _ H6N8F2"
"7",1209.433,2890.7004,"Hex(2)HexNAc(2)Fuc(1)NeuAc(1) + Acetyl","H6N8F2",31263.3734,0.000361192365106882,"Hex(2)HexNAc(2)Fuc(1)NeuAc(1) + Acetyl _ H6N8F2"
"8",1312.453,2890.7004,"Hex(2)HexNAc(2)NeuAc(2)","H6N8F2",31366.3934,0.00431466909319097,"Hex(2)HexNAc(2)NeuAc(2) _ H6N8F2"
"9",656,2947.7524,"Hex(1)HexNAc(1)NeuAc(1)","H6N9F1",30766.9924,0.000373376868031772,"Hex(1)HexNAc(1)NeuAc(1) _ H6N9F1"
"10",947.323,2947.7524,"Hex(1)HexNAc(1)NeuAc(2)","H6N9F1",31058.3154,0.00261966680194532,"Hex(1)HexNAc(1)NeuAc(2) _ H6N9F1"
"11",1021.74,2947.7524,"Hex(2)HexNAc(2)NeuAc(1)","H6N9F1",31132.7324,0.000399466219881676,"Hex(2)HexNAc(2)NeuAc(1) _ H6N9F1"
"12",1063.363,2947.7524,"Hex(2)HexNAc(2)NeuAc(1) + Acetyl","H6N9F1",31174.3554,0.000187255923386019,"Hex(2)HexNAc(2)NeuAc(1) + Acetyl _ H6N9F1"
"13",1143.333,2947.7524,"Hex(2)HexNAc(2)NeuAc(1) + Acetyl + sulfation","H6N9F1",31254.3254,0.000166856843167509,"Hex(2)HexNAc(2)NeuAc(1) + Acetyl + sulfation _ H6N9F1"
"14",1167.423,2947.7524,"Hex(2)HexNAc(2)Fuc(1)NeuAc(1)","H6N9F1",31278.4154,0.000238880039538375,"Hex(2)HexNAc(2)Fuc(1)NeuAc(1) _ H6N9F1"
"15",1209.433,2947.7524,"Hex(2)HexNAc(2)Fuc(1)NeuAc(1) + Acetyl","H6N9F1",31320.4254,9.56780319946734e-05,"Hex(2)HexNAc(2)Fuc(1)NeuAc(1) + Acetyl _ H6N9F1"
"16",1312.453,2947.7524,"Hex(2)HexNAc(2)NeuAc(2)","H6N9F1",31423.4454,0.00114293403578062,"Hex(2)HexNAc(2)NeuAc(2) _ H6N9F1"
"17",656,3052.8428,"Hex(1)HexNAc(1)NeuAc(1)","H7N8F2",30872.0828,0.00083023694453371,"Hex(1)HexNAc(1)NeuAc(1) _ H7N8F2"
"18",947.323,3052.8428,"Hex(1)HexNAc(1)NeuAc(2)","H7N8F2",31163.4058,0.00582506402394057,"Hex(1)HexNAc(1)NeuAc(2) _ H7N8F2"
"19",1021.74,3052.8428,"Hex(2)HexNAc(2)NeuAc(1)","H7N8F2",31237.8228,0.000888248957647726,"Hex(2)HexNAc(2)NeuAc(1) _ H7N8F2"
"20",1063.363,3052.8428,"Hex(2)HexNAc(2)NeuAc(1) + Acetyl","H7N8F2",31279.4458,0.000416380335764715,"Hex(2)HexNAc(2)NeuAc(1) + Acetyl _ H7N8F2"
"21",1143.333,3052.8428,"Hex(2)HexNAc(2)NeuAc(1) + Acetyl + sulfation","H7N8F2",31359.4158,0.000371021151835645,"Hex(2)HexNAc(2)NeuAc(1) + Acetyl + sulfation _ H7N8F2"
"22",1167.423,3052.8428,"Hex(2)HexNAc(2)Fuc(1)NeuAc(1)","H7N8F2",31383.5058,0.000531171186854447,"Hex(2)HexNAc(2)Fuc(1)NeuAc(1) _ H7N8F2"
"23",1209.433,3052.8428,"Hex(2)HexNAc(2)Fuc(1)NeuAc(1) + Acetyl","H7N8F2",31425.5158,0.000212748683015619,"Hex(2)HexNAc(2)Fuc(1)NeuAc(1) + Acetyl _ H7N8F2"
"24",1312.453,3052.8428,"Hex(2)HexNAc(2)NeuAc(2)","H7N8F2",31528.5358,0.00254141630860039,"Hex(2)HexNAc(2)NeuAc(2) _ H7N8F2"
"25",656,3093.8954,"Hex(1)HexNAc(1)NeuAc(1)","H6N9F2",30913.1354,0.00176167048979595,"Hex(1)HexNAc(1)NeuAc(1) _ H6N9F2"
"26",947.323,3093.8954,"Hex(1)HexNAc(1)NeuAc(2)","H6N9F2",31204.4584,0.0123601382228438,"Hex(1)HexNAc(1)NeuAc(2) _ H6N9F2"
"27",1021.74,3093.8954,"Hex(2)HexNAc(2)NeuAc(1)","H6N9F2",31278.8754,0.0018847655317951,"Hex(2)HexNAc(2)NeuAc(1) _ H6N9F2"
"28",1063.363,3093.8954,"Hex(2)HexNAc(2)NeuAc(1) + Acetyl","H6N9F2",31320.4984,0.000883512778945296,"Hex(2)HexNAc(2)NeuAc(1) + Acetyl _ H6N9F2"
"29",1143.333,3093.8954,"Hex(2)HexNAc(2)NeuAc(1) + Acetyl + sulfation","H6N9F2",31400.4684,0.000787265633723458,"Hex(2)HexNAc(2)NeuAc(1) + Acetyl + sulfation _ H6N9F2"
"30",1167.423,3093.8954,"Hex(2)HexNAc(2)Fuc(1)NeuAc(1)","H6N9F2",31424.5584,0.00112708620240565,"Hex(2)HexNAc(2)Fuc(1)NeuAc(1) _ H6N9F2"
"31",1209.433,3093.8954,"Hex(2)HexNAc(2)Fuc(1)NeuAc(1) + Acetyl","H6N9F2",31466.5684,0.000451429051765538,"Hex(2)HexNAc(2)Fuc(1)NeuAc(1) + Acetyl _ H6N9F2"
"32",1312.453,3093.8954,"Hex(2)HexNAc(2)NeuAc(2)","H6N9F2",31569.5884,0.0053926028498551,"Hex(2)HexNAc(2)NeuAc(2) _ H6N9F2"
"33",656,3198.9858,"Hex(1)HexNAc(1)NeuAc(1)","H7N8F3",31018.2258,0.000683165578453694,"Hex(1)HexNAc(1)NeuAc(1) _ H7N8F3"
"34",947.323,3198.9858,"Hex(1)HexNAc(1)NeuAc(2)","H7N8F3",31309.5488,0.00479318977509508,"Hex(1)HexNAc(1)NeuAc(2) _ H7N8F3"
"35",1021.74,3198.9858,"Hex(2)HexNAc(2)NeuAc(1)","H7N8F3",31383.9658,0.000730901120406189,"Hex(2)HexNAc(2)NeuAc(1) _ H7N8F3"
"36",1063.363,3198.9858,"Hex(2)HexNAc(2)NeuAc(1) + Acetyl","H7N8F3",31425.5888,0.000342621121370605,"Hex(2)HexNAc(2)NeuAc(1) + Acetyl _ H7N8F3"
"37",1143.333,3198.9858,"Hex(2)HexNAc(2)NeuAc(1) + Acetyl + sulfation","H7N8F3",31505.5588,0.000305297037768791,"Hex(2)HexNAc(2)NeuAc(1) + Acetyl + sulfation _ H7N8F3"
"38",1167.423,3198.9858,"Hex(2)HexNAc(2)Fuc(1)NeuAc(1)","H7N8F3",31529.6488,0.000437077479525027,"Hex(2)HexNAc(2)Fuc(1)NeuAc(1) _ H7N8F3"
"39",1209.433,3198.9858,"Hex(2)HexNAc(2)Fuc(1)NeuAc(1) + Acetyl","H7N8F3",31571.6588,0.000175061562912328,"Hex(2)HexNAc(2)Fuc(1)NeuAc(1) + Acetyl _ H7N8F3"
"40",1312.453,3198.9858,"Hex(2)HexNAc(2)NeuAc(2)","H7N8F3",31674.6788,0.00209122004746699,"Hex(2)HexNAc(2)NeuAc(2) _ H7N8F3"
"41",656,3240.0384,"Hex(1)HexNAc(1)NeuAc(1)","H6N9F3",31059.2784,0.00150302864031477,"Hex(1)HexNAc(1)NeuAc(1) _ H6N9F3"
"42",947.323,3240.0384,"Hex(1)HexNAc(1)NeuAc(2)","H6N9F3",31350.6014,0.0105454691185383,"Hex(1)HexNAc(1)NeuAc(2) _ H6N9F3"
"43",1021.74,3240.0384,"Hex(2)HexNAc(2)NeuAc(1)","H6N9F3",31425.0184,0.00160805133024294,"Hex(2)HexNAc(2)NeuAc(1) _ H6N9F3"
"44",1063.363,3240.0384,"Hex(2)HexNAc(2)NeuAc(1) + Acetyl","H6N9F3",31466.6414,0.000753798748705087,"Hex(2)HexNAc(2)NeuAc(1) + Acetyl _ H6N9F3"
"45",1143.333,3240.0384,"Hex(2)HexNAc(2)NeuAc(1) + Acetyl + sulfation","H6N9F3",31546.6114,0.000671682248113815,"Hex(2)HexNAc(2)NeuAc(1) + Acetyl + sulfation _ H6N9F3"
"46",1167.423,3240.0384,"Hex(2)HexNAc(2)Fuc(1)NeuAc(1)","H6N9F3",31570.7014,0.000961611636302947,"Hex(2)HexNAc(2)Fuc(1)NeuAc(1) _ H6N9F3"
"47",1209.433,3240.0384,"Hex(2)HexNAc(2)Fuc(1)NeuAc(1) + Acetyl","H6N9F3",31612.7114,0.000385151932670638,"Hex(2)HexNAc(2)Fuc(1)NeuAc(1) + Acetyl _ H6N9F3"
"48",1312.453,3240.0384,"Hex(2)HexNAc(2)NeuAc(2)","H6N9F3",31715.7314,0.00460088113873897,"Hex(2)HexNAc(2)NeuAc(2) _ H6N9F3"
"49",656,3256.0378,"Hex(1)HexNAc(1)NeuAc(1)","H7N9F2",31075.2778,0.00173768088593694,"Hex(1)HexNAc(1)NeuAc(1) _ H7N9F2"
"50",947.323,3256.0378,"Hex(1)HexNAc(1)NeuAc(2)","H7N9F2",31366.6008,0.0121918236479411,"Hex(1)HexNAc(1)NeuAc(2) _ H7N9F2"
"51",1021.74,3256.0378,"Hex(2)HexNAc(2)NeuAc(1)","H7N9F2",31441.0178,0.00185909967729121,"Hex(2)HexNAc(2)NeuAc(1) _ H7N9F2"
"52",1063.363,3256.0378,"Hex(2)HexNAc(2)NeuAc(1) + Acetyl","H7N9F2",31482.6408,0.000871481515610838,"Hex(2)HexNAc(2)NeuAc(1) + Acetyl _ H7N9F2"
"53",1143.333,3256.0378,"Hex(2)HexNAc(2)NeuAc(1) + Acetyl + sulfation","H7N9F2",31562.6108,0.00077654501894661,"Hex(2)HexNAc(2)NeuAc(1) + Acetyl + sulfation _ H7N9F2"
"54",1167.423,3256.0378,"Hex(2)HexNAc(2)Fuc(1)NeuAc(1)","H7N9F2",31586.7008,0.00111173807023946,"Hex(2)HexNAc(2)Fuc(1)NeuAc(1) _ H7N9F2"
"55",1209.433,3256.0378,"Hex(2)HexNAc(2)Fuc(1)NeuAc(1) + Acetyl","H7N9F2",31628.7108,0.000445281702312258,"Hex(2)HexNAc(2)Fuc(1)NeuAc(1) + Acetyl _ H7N9F2"
"56",1312.453,3256.0378,"Hex(2)HexNAc(2)NeuAc(2)","H7N9F2",31731.7308,0.0053191689092366,"Hex(2)HexNAc(2)NeuAc(2) _ H7N9F2"
"57",656,3297.0904,"Hex(1)HexNAc(1)NeuAc(1)","H6N10F2",31116.3304,0.00234938504532418,"Hex(1)HexNAc(1)NeuAc(1) _ H6N10F2"
"58",947.323,3297.0904,"Hex(1)HexNAc(1)NeuAc(2)","H6N10F2",31407.6534,0.01648362963851,"Hex(1)HexNAc(1)NeuAc(2) _ H6N10F2"
"59",1021.74,3297.0904,"Hex(2)HexNAc(2)NeuAc(1)","H6N10F2",31482.0704,0.00251354608026315,"Hex(2)HexNAc(2)NeuAc(1) _ H6N10F2"
"60",1063.363,3297.0904,"Hex(2)HexNAc(2)NeuAc(1) + Acetyl","H6N10F2",31523.6934,0.00117826331441092,"Hex(2)HexNAc(2)NeuAc(1) + Acetyl _ H6N10F2"
"61",1143.333,3297.0904,"Hex(2)HexNAc(2)NeuAc(1) + Acetyl + sulfation","H6N10F2",31603.6634,0.00104990695892385,"Hex(2)HexNAc(2)NeuAc(1) + Acetyl + sulfation _ H6N10F2"
"62",1167.423,3297.0904,"Hex(2)HexNAc(2)Fuc(1)NeuAc(1)","H6N10F2",31627.7534,0.00150309577418747,"Hex(2)HexNAc(2)Fuc(1)NeuAc(1) _ H6N10F2"
"63",1209.433,3297.0904,"Hex(2)HexNAc(2)Fuc(1)NeuAc(1) + Acetyl","H6N10F2",31669.7634,0.000602031236480366,"Hex(2)HexNAc(2)Fuc(1)NeuAc(1) + Acetyl _ H6N10F2"
"64",1312.453,3297.0904,"Hex(2)HexNAc(2)NeuAc(2)","H6N10F2",31772.7834,0.00719164030061578,"Hex(2)HexNAc(2)NeuAc(2) _ H6N10F2"
"65",656,3344.1007,"Hex(1)HexNAc(1)NeuAc(1)","H7N8F2S1",31163.3407,0.00129098881428431,"Hex(1)HexNAc(1)NeuAc(1) _ H7N8F2S1"
"66",947.323,3344.1007,"Hex(1)HexNAc(1)NeuAc(2)","H7N8F2S1",31454.6637,0.00905776663747573,"Hex(1)HexNAc(1)NeuAc(2) _ H7N8F2S1"
"67",1021.74,3344.1007,"Hex(2)HexNAc(2)NeuAc(1)","H7N8F2S1",31529.0807,0.00138119542399664,"Hex(2)HexNAc(2)NeuAc(1) _ H7N8F2S1"
"68",1063.363,3344.1007,"Hex(2)HexNAc(2)NeuAc(1) + Acetyl","H7N8F2S1",31570.7037,0.00064745655984039,"Hex(2)HexNAc(2)NeuAc(1) + Acetyl _ H7N8F2S1"
"69",1143.333,3344.1007,"Hex(2)HexNAc(2)NeuAc(1) + Acetyl + sulfation","H7N8F2S1",31650.6737,0.000576924647880746,"Hex(2)HexNAc(2)NeuAc(1) + Acetyl + sulfation _ H7N8F2S1"
"70",1167.423,3344.1007,"Hex(2)HexNAc(2)Fuc(1)NeuAc(1)","H7N8F2S1",31674.7637,0.000825952235941927,"Hex(2)HexNAc(2)Fuc(1)NeuAc(1) _ H7N8F2S1"
"71",1209.433,3344.1007,"Hex(2)HexNAc(2)Fuc(1)NeuAc(1) + Acetyl","H7N8F2S1",31716.7737,0.000330816608240843,"Hex(2)HexNAc(2)Fuc(1)NeuAc(1) + Acetyl _ H7N8F2S1"
"72",1312.453,3344.1007,"Hex(2)HexNAc(2)NeuAc(2)","H7N8F2S1",31819.7937,0.00395181164659628,"Hex(2)HexNAc(2)NeuAc(2) _ H7N8F2S1"
"73",656,3401.1527,"Hex(1)HexNAc(1)NeuAc(1)","H7N9F1S1",31220.3927,0.00229727395414277,"Hex(1)HexNAc(1)NeuAc(1) _ H7N9F1S1"
"74",947.323,3401.1527,"Hex(1)HexNAc(1)NeuAc(2)","H7N9F1S1",31511.7157,0.0161180105890475,"Hex(1)HexNAc(1)NeuAc(2) _ H7N9F1S1"
"75",1021.74,3401.1527,"Hex(2)HexNAc(2)NeuAc(1)","H7N9F1S1",31586.1327,0.00245779377638348,"Hex(2)HexNAc(2)NeuAc(1) _ H7N9F1S1"
"76",1063.363,3401.1527,"Hex(2)HexNAc(2)NeuAc(1) + Acetyl","H7N9F1S1",31627.7557,0.00115212856602849,"Hex(2)HexNAc(2)NeuAc(1) + Acetyl _ H7N9F1S1"
"77",1143.333,3401.1527,"Hex(2)HexNAc(2)NeuAc(1) + Acetyl + sulfation","H7N9F1S1",31707.7257,0.00102661924907085,"Hex(2)HexNAc(2)NeuAc(1) + Acetyl + sulfation _ H7N9F1S1"
"78",1167.423,3401.1527,"Hex(2)HexNAc(2)Fuc(1)NeuAc(1)","H7N9F1S1",31731.8157,0.00146975600253149,"Hex(2)HexNAc(2)Fuc(1)NeuAc(1) _ H7N9F1S1"
"79",1209.433,3401.1527,"Hex(2)HexNAc(2)Fuc(1)NeuAc(1) + Acetyl","H7N9F1S1",31773.8257,0.000588677740117254,"Hex(2)HexNAc(2)Fuc(1)NeuAc(1) + Acetyl _ H7N9F1S1"
"80",1312.453,3401.1527,"Hex(2)HexNAc(2)NeuAc(2)","H7N9F1S1",31876.8457,0.00703212442040911,"Hex(2)HexNAc(2)NeuAc(2) _ H7N9F1S1"
"81",656,3418.1802,"Hex(1)HexNAc(1)NeuAc(1)","H8N9F2",31237.4202,0.00116374073053032,"Hex(1)HexNAc(1)NeuAc(1) _ H8N9F2"
"82",947.323,3418.1802,"Hex(1)HexNAc(1)NeuAc(2)","H8N9F2",31528.7432,0.0081649754413347,"Hex(1)HexNAc(1)NeuAc(2) _ H8N9F2"
"83",1021.74,3418.1802,"Hex(2)HexNAc(2)NeuAc(1)","H8N9F2",31603.1602,0.00124505600199027,"Hex(2)HexNAc(2)NeuAc(1) _ H8N9F2"
"84",1063.363,3418.1802,"Hex(2)HexNAc(2)NeuAc(1) + Acetyl","H8N9F2",31644.7832,0.000583639115690564,"Hex(2)HexNAc(2)NeuAc(1) + Acetyl _ H8N9F2"
"85",1143.333,3418.1802,"Hex(2)HexNAc(2)NeuAc(1) + Acetyl + sulfation","H8N9F2",31724.7532,0.00052005927840505,"Hex(2)HexNAc(2)NeuAc(1) + Acetyl + sulfation _ H8N9F2"
"86",1167.423,3418.1802,"Hex(2)HexNAc(2)Fuc(1)NeuAc(1)","H8N9F2",31748.8432,0.000744541120575915,"Hex(2)HexNAc(2)Fuc(1)NeuAc(1) _ H8N9F2"
"87",1209.433,3418.1802,"Hex(2)HexNAc(2)Fuc(1)NeuAc(1) + Acetyl","H8N9F2",31790.8532,0.000298209215359614,"Hex(2)HexNAc(2)Fuc(1)NeuAc(1) + Acetyl _ H8N9F2"
"88",1312.453,3418.1802,"Hex(2)HexNAc(2)NeuAc(2)","H8N9F2",31893.8732,0.00356229590964945,"Hex(2)HexNAc(2)NeuAc(2) _ H8N9F2"
"89",656,3434.1796,"Hex(1)HexNAc(1)NeuAc(1)","H9N9F1",31253.4196,0.00123008399584241,"Hex(1)HexNAc(1)NeuAc(1) _ H9N9F1"
"90",947.323,3434.1796,"Hex(1)HexNAc(1)NeuAc(2)","H9N9F1",31544.7426,0.00863044950936381,"Hex(1)HexNAc(1)NeuAc(2) _ H9N9F1"
"91",1021.74,3434.1796,"Hex(2)HexNAc(2)NeuAc(1)","H9N9F1",31619.1596,0.00131603493956755,"Hex(2)HexNAc(2)NeuAc(1) _ H9N9F1"
"92",1063.363,3434.1796,"Hex(2)HexNAc(2)NeuAc(1) + Acetyl","H9N9F1",31660.7826,0.000616911582386066,"Hex(2)HexNAc(2)NeuAc(1) + Acetyl _ H9N9F1"
"93",1143.333,3434.1796,"Hex(2)HexNAc(2)NeuAc(1) + Acetyl + sulfation","H9N9F1",31740.7526,0.000549707145649083,"Hex(2)HexNAc(2)NeuAc(1) + Acetyl + sulfation _ H9N9F1"
"94",1167.423,3434.1796,"Hex(2)HexNAc(2)Fuc(1)NeuAc(1)","H9N9F1",31764.8426,0.000786986390215669,"Hex(2)HexNAc(2)Fuc(1)NeuAc(1) _ H9N9F1"
"95",1209.433,3434.1796,"Hex(2)HexNAc(2)Fuc(1)NeuAc(1) + Acetyl","H9N9F1",31806.8526,0.000315209714331662,"Hex(2)HexNAc(2)Fuc(1)NeuAc(1) + Acetyl _ H9N9F1"
"96",1312.453,3434.1796,"Hex(2)HexNAc(2)NeuAc(2)","H9N9F1",31909.8726,0.00376537752091722,"Hex(2)HexNAc(2)NeuAc(2) _ H9N9F1"
"97",656,3459.2328,"Hex(1)HexNAc(1)NeuAc(1)","H7N10F2",31278.4728,0.00199132774198771,"Hex(1)HexNAc(1)NeuAc(1) _ H7N10F2"
"98",947.323,3459.2328,"Hex(1)HexNAc(1)NeuAc(2)","H7N10F2",31569.7958,0.0139714471466241,"Hex(1)HexNAc(1)NeuAc(2) _ H7N10F2"
"99",1021.74,3459.2328,"Hex(2)HexNAc(2)NeuAc(1)","H7N10F2",31644.2128,0.00213046986502028,"Hex(2)HexNAc(2)NeuAc(1) _ H7N10F2"
"100",1063.363,3459.2328,"Hex(2)HexNAc(2)NeuAc(1) + Acetyl","H7N10F2",31685.8358,0.000998690457327354,"Hex(2)HexNAc(2)NeuAc(1) + Acetyl _ H7N10F2"
"101",1143.333,3459.2328,"Hex(2)HexNAc(2)NeuAc(1) + Acetyl + sulfation","H7N10F2",31765.8058,0.000889896212616152,"Hex(2)HexNAc(2)NeuAc(1) + Acetyl + sulfation _ H7N10F2"
"102",1167.423,3459.2328,"Hex(2)HexNAc(2)Fuc(1)NeuAc(1)","H7N10F2",31789.8958,0.0012740169262425,"Hex(2)HexNAc(2)Fuc(1)NeuAc(1) _ H7N10F2"
"103",1209.433,3459.2328,"Hex(2)HexNAc(2)Fuc(1)NeuAc(1) + Acetyl","H7N10F2",31831.9058,0.000510278851537125,"Hex(2)HexNAc(2)Fuc(1)NeuAc(1) + Acetyl _ H7N10F2"
"104",1312.453,3459.2328,"Hex(2)HexNAc(2)NeuAc(2)","H7N10F2",31934.9258,0.00609560057833645,"Hex(2)HexNAc(2)NeuAc(2) _ H7N10F2"
"105",656,3506.2431,"Hex(1)HexNAc(1)NeuAc(1)","H8N8F2S1",31325.4831,0.00165826479056355,"Hex(1)HexNAc(1)NeuAc(1) _ H8N8F2S1"
"106",947.323,3506.2431,"Hex(1)HexNAc(1)NeuAc(2)","H8N8F2S1",31616.8061,0.011634628689168,"Hex(1)HexNAc(1)NeuAc(2) _ H8N8F2S1"
"107",1021.74,3506.2431,"Hex(2)HexNAc(2)NeuAc(1)","H8N8F2S1",31691.2231,0.00177413445814466,"Hex(2)HexNAc(2)NeuAc(1) _ H8N8F2S1"
"108",1063.363,3506.2431,"Hex(2)HexNAc(2)NeuAc(1) + Acetyl","H8N8F2S1",31732.8461,0.000831652764704955,"Hex(2)HexNAc(2)NeuAc(1) + Acetyl _ H8N8F2S1"
"109",1143.333,3506.2431,"Hex(2)HexNAc(2)NeuAc(1) + Acetyl + sulfation","H8N8F2S1",31812.8161,0.000741055088784235,"Hex(2)HexNAc(2)NeuAc(1) + Acetyl + sulfation _ H8N8F2S1"
"110",1167.423,3506.2431,"Hex(2)HexNAc(2)Fuc(1)NeuAc(1)","H8N8F2S1",31836.9061,0.001060929030829,"Hex(2)HexNAc(2)Fuc(1)NeuAc(1) _ H8N8F2S1"
"111",1209.433,3506.2431,"Hex(2)HexNAc(2)Fuc(1)NeuAc(1) + Acetyl","H8N8F2S1",31878.9161,0.000424931283299742,"Hex(2)HexNAc(2)Fuc(1)NeuAc(1) + Acetyl _ H8N8F2S1"
"112",1312.453,3506.2431,"Hex(2)HexNAc(2)NeuAc(2)","H8N8F2S1",31981.9361,0.00507607040431443,"Hex(2)HexNAc(2)NeuAc(2) _ H8N8F2S1"
"113",656,3547.2957,"Hex(1)HexNAc(1)NeuAc(1)","H7N9F2S1",31366.5357,0.00284191062820474,"Hex(1)HexNAc(1)NeuAc(1) _ H7N9F2S1"
"114",947.323,3547.2957,"Hex(1)HexNAc(1)NeuAc(2)","H7N9F2S1",31657.8587,0.0199392612778841,"Hex(1)HexNAc(1)NeuAc(2) _ H7N9F2S1"
"115",1021.74,3547.2957,"Hex(2)HexNAc(2)NeuAc(1)","H7N9F2S1",31732.2757,0.00304048641758361,"Hex(2)HexNAc(2)NeuAc(1) _ H7N9F2S1"
"116",1063.363,3547.2957,"Hex(2)HexNAc(2)NeuAc(1) + Acetyl","H7N9F2S1",31773.8987,0.00142527468739637,"Hex(2)HexNAc(2)NeuAc(1) + Acetyl _ H7N9F2S1"
"117",1143.333,3547.2957,"Hex(2)HexNAc(2)NeuAc(1) + Acetyl + sulfation","H7N9F2S1",31853.8687,0.00127000967811987,"Hex(2)HexNAc(2)NeuAc(1) + Acetyl + sulfation _ H7N9F2S1"
"118",1167.423,3547.2957,"Hex(2)HexNAc(2)Fuc(1)NeuAc(1)","H7N9F2S1",31877.9587,0.00181820509344545,"Hex(2)HexNAc(2)Fuc(1)NeuAc(1) _ H7N9F2S1"
"119",1209.433,3547.2957,"Hex(2)HexNAc(2)Fuc(1)NeuAc(1) + Acetyl","H7N9F2S1",31919.9687,0.00072824119352846,"Hex(2)HexNAc(2)Fuc(1)NeuAc(1) + Acetyl _ H7N9F2S1"
"120",1312.453,3547.2957,"Hex(2)HexNAc(2)NeuAc(2)","H7N9F2S1",32022.9887,0.00869929730983089,"Hex(2)HexNAc(2)NeuAc(2) _ H7N9F2S1"
"121",656,3564.3232,"Hex(1)HexNAc(1)NeuAc(1)","H8N9F3",31383.5632,0.00204527685167088,"Hex(1)HexNAc(1)NeuAc(1) _ H8N9F3"
"122",947.323,3564.3232,"Hex(1)HexNAc(1)NeuAc(2)","H8N9F3",31674.8862,0.0143499620031456,"Hex(1)HexNAc(1)NeuAc(2) _ H8N9F3"
"123",1021.74,3564.3232,"Hex(2)HexNAc(2)NeuAc(1)","H8N9F3",31749.3032,0.00218818861718808,"Hex(2)HexNAc(2)NeuAc(1) _ H8N9F3"
"124",1063.363,3564.3232,"Hex(2)HexNAc(2)NeuAc(1) + Acetyl","H8N9F3",31790.9262,0.00102574700853479,"Hex(2)HexNAc(2)NeuAc(1) + Acetyl _ H8N9F3"
"125",1143.333,3564.3232,"Hex(2)HexNAc(2)NeuAc(1) + Acetyl + sulfation","H8N9F3",31870.8962,0.000914005306949934,"Hex(2)HexNAc(2)NeuAc(1) + Acetyl + sulfation _ H8N9F3"
"126",1167.423,3564.3232,"Hex(2)HexNAc(2)Fuc(1)NeuAc(1)","H8N9F3",31894.9862,0.00130853263023377,"Hex(2)HexNAc(2)Fuc(1)NeuAc(1) _ H8N9F3"
"127",1209.433,3564.3232,"Hex(2)HexNAc(2)Fuc(1)NeuAc(1) + Acetyl","H8N9F3",31936.9962,0.000524103341172917,"Hex(2)HexNAc(2)Fuc(1)NeuAc(1) + Acetyl _ H8N9F3"
"128",1312.453,3564.3232,"Hex(2)HexNAc(2)NeuAc(2)","H8N9F3",32040.0162,0.00626074276826906,"Hex(2)HexNAc(2)NeuAc(2) _ H8N9F3"
"129",656,3605.3758,"Hex(1)HexNAc(1)NeuAc(1)","H7N10F3",31424.6158,0.00304999955757174,"Hex(1)HexNAc(1)NeuAc(1) _ H7N10F3"
"130",947.323,3605.3758,"Hex(1)HexNAc(1)NeuAc(2)","H7N10F3",31715.9388,0.0213992436891905,"Hex(1)HexNAc(1)NeuAc(2) _ H7N10F3"
"131",1021.74,3605.3758,"Hex(2)HexNAc(2)NeuAc(1)","H7N10F3",31790.3558,0.00326311536203761,"Hex(2)HexNAc(2)NeuAc(1) _ H7N10F3"
"132",1063.363,3605.3758,"Hex(2)HexNAc(2)NeuAc(1) + Acetyl","H7N10F3",31831.9788,0.00152963542302638,"Hex(2)HexNAc(2)NeuAc(1) + Acetyl _ H7N10F3"
"133",1143.333,3605.3758,"Hex(2)HexNAc(2)NeuAc(1) + Acetyl + sulfation","H7N10F3",31911.9488,0.00136300167849556,"Hex(2)HexNAc(2)NeuAc(1) + Acetyl + sulfation _ H7N10F3"
"134",1167.423,3605.3758,"Hex(2)HexNAc(2)Fuc(1)NeuAc(1)","H7N10F3",31936.0388,0.00195133677869612,"Hex(2)HexNAc(2)Fuc(1)NeuAc(1) _ H7N10F3"
"135",1209.433,3605.3758,"Hex(2)HexNAc(2)Fuc(1)NeuAc(1) + Acetyl","H7N10F3",31978.0488,0.000781564098470761,"Hex(2)HexNAc(2)Fuc(1)NeuAc(1) + Acetyl _ H7N10F3"
"136",1312.453,3605.3758,"Hex(2)HexNAc(2)NeuAc(2)","H7N10F3",32081.0688,0.00933627281690072,"Hex(2)HexNAc(2)NeuAc(2) _ H7N10F3"
"137",656,3621.3752,"Hex(1)HexNAc(1)NeuAc(1)","H8N10F2",31440.6152,0.00135039717108604,"Hex(1)HexNAc(1)NeuAc(1) _ H8N10F2"
"138",947.323,3621.3752,"Hex(1)HexNAc(1)NeuAc(2)","H8N10F2",31731.9382,0.00947458437150412,"Hex(1)HexNAc(1)NeuAc(2) _ H8N10F2"
"139",1021.74,3621.3752,"Hex(2)HexNAc(2)NeuAc(1)","H8N10F2",31806.3552,0.00144475488295849,"Hex(2)HexNAc(2)NeuAc(1) _ H8N10F2"
"140",1063.363,3621.3752,"Hex(2)HexNAc(2)NeuAc(1) + Acetyl","H8N10F2",31847.9782,0.000677251032027156,"Hex(2)HexNAc(2)NeuAc(1) + Acetyl _ H8N10F2"
"141",1143.333,3621.3752,"Hex(2)HexNAc(2)NeuAc(1) + Acetyl + sulfation","H8N10F2",31927.9482,0.00060347340256381,"Hex(2)HexNAc(2)NeuAc(1) + Acetyl + sulfation _ H8N10F2"
"142",1167.423,3621.3752,"Hex(2)HexNAc(2)Fuc(1)NeuAc(1)","H8N10F2",31952.0382,0.000863960671484593,"Hex(2)HexNAc(2)Fuc(1)NeuAc(1) _ H8N10F2"
"143",1209.433,3621.3752,"Hex(2)HexNAc(2)Fuc(1)NeuAc(1) + Acetyl","H8N10F2",31994.0482,0.000346040033014826,"Hex(2)HexNAc(2)Fuc(1)NeuAc(1) + Acetyl _ H8N10F2"
"144",1312.453,3621.3752,"Hex(2)HexNAc(2)NeuAc(2)","H8N10F2",32097.0682,0.00413366499320671,"Hex(2)HexNAc(2)NeuAc(2) _ H8N10F2"
"145",656,3662.4278,"Hex(1)HexNAc(1)NeuAc(1)","H7N11F2",31481.6678,0.00135840592518211,"Hex(1)HexNAc(1)NeuAc(1) _ H7N11F2"
"146",947.323,3662.4278,"Hex(1)HexNAc(1)NeuAc(2)","H7N11F2",31772.9908,0.00953077496344144,"Hex(1)HexNAc(1)NeuAc(2) _ H7N11F2"
"147",1021.74,3662.4278,"Hex(2)HexNAc(2)NeuAc(1)","H7N11F2",31847.4078,0.00145332324109375,"Hex(2)HexNAc(2)NeuAc(1) _ H7N11F2"
"148",1063.363,3662.4278,"Hex(2)HexNAc(2)NeuAc(1) + Acetyl","H7N11F2",31889.0308,0.00068126758144902,"Hex(2)HexNAc(2)NeuAc(1) + Acetyl _ H7N11F2"
"149",1143.333,3662.4278,"Hex(2)HexNAc(2)NeuAc(1) + Acetyl + sulfation","H7N11F2",31969.0008,0.000607052401533989,"Hex(2)HexNAc(2)NeuAc(1) + Acetyl + sulfation _ H7N11F2"
"150",1167.423,3662.4278,"Hex(2)HexNAc(2)Fuc(1)NeuAc(1)","H7N11F2",31993.0908,0.000869084533348897,"Hex(2)HexNAc(2)Fuc(1)NeuAc(1) _ H7N11F2"
"151",1209.433,3662.4278,"Hex(2)HexNAc(2)Fuc(1)NeuAc(1) + Acetyl","H7N11F2",32035.1008,0.000348092280746937,"Hex(2)HexNAc(2)Fuc(1)NeuAc(1) + Acetyl _ H7N11F2"
"152",1312.453,3662.4278,"Hex(2)HexNAc(2)NeuAc(2)","H7N11F2",32138.1208,0.00415818037812823,"Hex(2)HexNAc(2)NeuAc(2) _ H7N11F2"
"153",656,3709.4381,"Hex(1)HexNAc(1)NeuAc(1)","H8N9F2S1",31528.6781,0.0026560533114099,"Hex(1)HexNAc(1)NeuAc(1) _ H8N9F2S1"
"154",947.323,3709.4381,"Hex(1)HexNAc(1)NeuAc(2)","H8N9F2S1",31820.0011,0.0186352591170843,"Hex(1)HexNAc(1)NeuAc(2) _ H8N9F2S1"
"155",1021.74,3709.4381,"Hex(2)HexNAc(2)NeuAc(1)","H8N9F2S1",31894.4181,0.0028416424983854,"Hex(2)HexNAc(2)NeuAc(1) _ H8N9F2S1"
"156",1063.363,3709.4381,"Hex(2)HexNAc(2)NeuAc(1) + Acetyl","H8N9F2S1",31936.0411,0.0013320635475153,"Hex(2)HexNAc(2)NeuAc(1) + Acetyl _ H8N9F2S1"
"157",1143.333,3709.4381,"Hex(2)HexNAc(2)NeuAc(1) + Acetyl + sulfation","H8N9F2S1",32016.0111,0.00118695267107108,"Hex(2)HexNAc(2)NeuAc(1) + Acetyl + sulfation _ H8N9F2S1"
"158",1167.423,3709.4381,"Hex(2)HexNAc(2)Fuc(1)NeuAc(1)","H8N9F2S1",32040.1011,0.00169929680804875,"Hex(2)HexNAc(2)Fuc(1)NeuAc(1) _ H8N9F2S1"
"159",1209.433,3709.4381,"Hex(2)HexNAc(2)Fuc(1)NeuAc(1) + Acetyl","H8N9F2S1",32082.1111,0.000680615151785489,"Hex(2)HexNAc(2)Fuc(1)NeuAc(1) + Acetyl _ H8N9F2S1"
"160",1312.453,3709.4381,"Hex(2)HexNAc(2)NeuAc(2)","H8N9F2S1",32185.1311,0.00813037440284028,"Hex(2)HexNAc(2)NeuAc(2) _ H8N9F2S1"
"161",656,3750.4907,"Hex(1)HexNAc(1)NeuAc(1)","H7N10F2S1",31569.7307,0.00311147390002671,"Hex(1)HexNAc(1)NeuAc(1) _ H7N10F2S1"
"162",947.323,3750.4907,"Hex(1)HexNAc(1)NeuAc(2)","H7N10F2S1",31861.0537,0.0218305566812074,"Hex(1)HexNAc(1)NeuAc(2) _ H7N10F2S1"
"163",1021.74,3750.4907,"Hex(2)HexNAc(2)NeuAc(1)","H7N10F2S1",31935.4707,0.00332888516542594,"Hex(2)HexNAc(2)NeuAc(1) _ H7N10F2S1"
"164",1063.363,3750.4907,"Hex(2)HexNAc(2)NeuAc(1) + Acetyl","H7N10F2S1",31977.0937,0.00156046602809743,"Hex(2)HexNAc(2)NeuAc(1) + Acetyl _ H7N10F2S1"
"165",1143.333,3750.4907,"Hex(2)HexNAc(2)NeuAc(1) + Acetyl + sulfation","H7N10F2S1",32057.0637,0.00139047369295619,"Hex(2)HexNAc(2)NeuAc(1) + Acetyl + sulfation _ H7N10F2S1"
"166",1167.423,3750.4907,"Hex(2)HexNAc(2)Fuc(1)NeuAc(1)","H7N10F2S1",32081.1537,0.00199066699600082,"Hex(2)HexNAc(2)Fuc(1)NeuAc(1) _ H7N10F2S1"
"167",1209.433,3750.4907,"Hex(2)HexNAc(2)Fuc(1)NeuAc(1) + Acetyl","H7N10F2S1",32123.1637,0.000797316933227942,"Hex(2)HexNAc(2)Fuc(1)NeuAc(1) + Acetyl _ H7N10F2S1"
"168",1312.453,3750.4907,"Hex(2)HexNAc(2)NeuAc(2)","H7N10F2S1",32226.1837,0.00952445029744309,"Hex(2)HexNAc(2)NeuAc(2) _ H7N10F2S1"
"169",656,3767.5182,"Hex(1)HexNAc(1)NeuAc(1)","H8N10F3",31586.7582,0.00215597423955744,"Hex(1)HexNAc(1)NeuAc(1) _ H8N10F3"
"170",947.323,3767.5182,"Hex(1)HexNAc(1)NeuAc(2)","H8N10F3",31878.0812,0.0151266310925757,"Hex(1)HexNAc(1)NeuAc(2) _ H8N10F3"
"171",1021.74,3767.5182,"Hex(2)HexNAc(2)NeuAc(1)","H8N10F3",31952.4982,0.00230662087926935,"Hex(2)HexNAc(2)NeuAc(1) _ H8N10F3"
"172",1063.363,3767.5182,"Hex(2)HexNAc(2)NeuAc(1) + Acetyl","H8N10F3",31994.1212,0.00108126394962005,"Hex(2)HexNAc(2)NeuAc(1) + Acetyl _ H8N10F3"
"173",1143.333,3767.5182,"Hex(2)HexNAc(2)NeuAc(1) + Acetyl + sulfation","H8N10F3",32074.0912,0.000963474404451897,"Hex(2)HexNAc(2)NeuAc(1) + Acetyl + sulfation _ H8N10F3"
"174",1167.423,3767.5182,"Hex(2)HexNAc(2)Fuc(1)NeuAc(1)","H8N10F3",32098.1812,0.00137935489765096,"Hex(2)HexNAc(2)Fuc(1)NeuAc(1) _ H8N10F3"
"175",1209.433,3767.5182,"Hex(2)HexNAc(2)Fuc(1)NeuAc(1) + Acetyl","H8N10F3",32140.1912,0.000552469608948874,"Hex(2)HexNAc(2)Fuc(1)NeuAc(1) + Acetyl _ H8N10F3"
"176",1312.453,3767.5182,"Hex(2)HexNAc(2)NeuAc(2)","H8N10F3",32243.2112,0.00659959560871015,"Hex(2)HexNAc(2)NeuAc(2) _ H8N10F3"
"177",656,3807.5427,"Hex(1)HexNAc(1)NeuAc(1)","H7N11F1S1",31626.7827,0.00150986771913483,"Hex(1)HexNAc(1)NeuAc(1) _ H7N11F1S1"
"178",947.323,3807.5427,"Hex(1)HexNAc(1)NeuAc(2)","H7N11F1S1",31918.1057,0.0105934530973939,"Hex(1)HexNAc(1)NeuAc(2) _ H7N11F1S1"
"179",1021.74,3807.5427,"Hex(2)HexNAc(2)NeuAc(1)","H7N11F1S1",31992.5227,0.00161536828316005,"Hex(2)HexNAc(2)NeuAc(1) _ H7N11F1S1"
"180",1063.363,3807.5427,"Hex(2)HexNAc(2)NeuAc(1) + Acetyl","H7N11F1S1",32034.1457,0.000757228682718707,"Hex(2)HexNAc(2)NeuAc(1) + Acetyl _ H7N11F1S1"
"181",1143.333,3807.5427,"Hex(2)HexNAc(2)NeuAc(1) + Acetyl + sulfation","H7N11F1S1",32114.1157,0.000674738535741126,"Hex(2)HexNAc(2)NeuAc(1) + Acetyl + sulfation _ H7N11F1S1"
"182",1167.423,3807.5427,"Hex(2)HexNAc(2)Fuc(1)NeuAc(1)","H7N11F1S1",32138.2057,0.000965987160227487,"Hex(2)HexNAc(2)Fuc(1)NeuAc(1) _ H7N11F1S1"
"183",1209.433,3807.5427,"Hex(2)HexNAc(2)Fuc(1)NeuAc(1) + Acetyl","H7N11F1S1",32180.2157,0.000386904450456781,"Hex(2)HexNAc(2)Fuc(1)NeuAc(1) + Acetyl _ H7N11F1S1"
"184",1312.453,3807.5427,"Hex(2)HexNAc(2)NeuAc(2)","H7N11F1S1",32283.2357,0.00462181606167097,"Hex(2)HexNAc(2)NeuAc(2) _ H7N11F1S1"
"185",656,3855.5811,"Hex(1)HexNAc(1)NeuAc(1)","H8N9F3S1",31674.8211,0.00143381382018971,"Hex(1)HexNAc(1)NeuAc(1) _ H8N9F3S1"
"186",947.323,3855.5811,"Hex(1)HexNAc(1)NeuAc(2)","H8N9F3S1",31966.1441,0.0100598478012884,"Hex(1)HexNAc(1)NeuAc(2) _ H8N9F3S1"
"187",1021.74,3855.5811,"Hex(2)HexNAc(2)NeuAc(1)","H8N9F3S1",32040.5611,0.00153400019070423,"Hex(2)HexNAc(2)NeuAc(1) _ H8N9F3S1"
"188",1063.363,3855.5811,"Hex(2)HexNAc(2)NeuAc(1) + Acetyl","H8N9F3S1",32082.1841,0.000719086140174094,"Hex(2)HexNAc(2)NeuAc(1) + Acetyl _ H8N9F3S1"
"189",1143.333,3855.5811,"Hex(2)HexNAc(2)NeuAc(1) + Acetyl + sulfation","H8N9F3S1",32162.1541,0.000640751123624625,"Hex(2)HexNAc(2)NeuAc(1) + Acetyl + sulfation _ H8N9F3S1"
"190",1167.423,3855.5811,"Hex(2)HexNAc(2)Fuc(1)NeuAc(1)","H8N9F3S1",32186.2441,0.000917329195734859,"Hex(2)HexNAc(2)Fuc(1)NeuAc(1) _ H8N9F3S1"
"191",1209.433,3855.5811,"Hex(2)HexNAc(2)Fuc(1)NeuAc(1) + Acetyl","H8N9F3S1",32228.2541,0.000367415596166076,"Hex(2)HexNAc(2)Fuc(1)NeuAc(1) + Acetyl _ H8N9F3S1"
"192",1312.453,3855.5811,"Hex(2)HexNAc(2)NeuAc(2)","H8N9F3S1",32331.2741,0.00438900948713298,"Hex(2)HexNAc(2)NeuAc(2) _ H8N9F3S1"
"193",656,3871.5805,"Hex(1)HexNAc(1)NeuAc(1)","H9N9F2S1",31690.8205,0.00201570755422148,"Hex(1)HexNAc(1)NeuAc(1) _ H9N9F2S1"
"194",947.323,3871.5805,"Hex(1)HexNAc(1)NeuAc(2)","H9N9F2S1",31982.1435,0.0141424994806456,"Hex(1)HexNAc(1)NeuAc(2) _ H9N9F2S1"
"195",1021.74,3871.5805,"Hex(2)HexNAc(2)NeuAc(1)","H9N9F2S1",32056.5605,0.00215655319333622,"Hex(2)HexNAc(2)NeuAc(1) _ H9N9F2S1"
"196",1063.363,3871.5805,"Hex(2)HexNAc(2)NeuAc(1) + Acetyl","H9N9F2S1",32098.1835,0.00101091741792049,"Hex(2)HexNAc(2)NeuAc(1) + Acetyl _ H9N9F2S1"
"197",1143.333,3871.5805,"Hex(2)HexNAc(2)NeuAc(1) + Acetyl + sulfation","H9N9F2S1",32178.1535,0.000900791205998541,"Hex(2)HexNAc(2)NeuAc(1) + Acetyl + sulfation _ H9N9F2S1"
"198",1167.423,3871.5805,"Hex(2)HexNAc(2)Fuc(1)NeuAc(1)","H9N9F2S1",32202.2435,0.00128961470695409,"Hex(2)HexNAc(2)Fuc(1)NeuAc(1) _ H9N9F2S1"
"199",1209.433,3871.5805,"Hex(2)HexNAc(2)Fuc(1)NeuAc(1) + Acetyl","H9N9F2S1",32244.2535,0.000516526192105444,"Hex(2)HexNAc(2)Fuc(1)NeuAc(1) + Acetyl _ H9N9F2S1"
"200",1312.453,3871.5805,"Hex(2)HexNAc(2)NeuAc(2)","H9N9F2S1",32347.2735,0.00617022897546989,"Hex(2)HexNAc(2)NeuAc(2) _ H9N9F2S1"
"201",656,3896.6337,"Hex(1)HexNAc(1)NeuAc(1)","H7N10F3S1",31715.8737,0.000871864464851937,"Hex(1)HexNAc(1)NeuAc(1) _ H7N10F3S1"
"202",947.323,3896.6337,"Hex(1)HexNAc(1)NeuAc(2)","H7N10F3S1",32007.1967,0.00611712880449276,"Hex(1)HexNAc(1)NeuAc(2) _ H7N10F3S1"
"203",1021.74,3896.6337,"Hex(2)HexNAc(2)NeuAc(1)","H7N10F3S1",32081.6137,0.000932785161168387,"Hex(2)HexNAc(2)NeuAc(1) _ H7N10F3S1"
"204",1063.363,3896.6337,"Hex(2)HexNAc(2)NeuAc(1) + Acetyl","H7N10F3S1",32123.2367,0.000437257364908354,"Hex(2)HexNAc(2)NeuAc(1) + Acetyl _ H7N10F3S1"
"205",1143.333,3896.6337,"Hex(2)HexNAc(2)NeuAc(1) + Acetyl + sulfation","H7N10F3S1",32203.2067,0.000389623902096541,"Hex(2)HexNAc(2)NeuAc(1) + Acetyl + sulfation _ H7N10F3S1"
"206",1167.423,3896.6337,"Hex(2)HexNAc(2)Fuc(1)NeuAc(1)","H7N10F3S1",32227.2967,0.000557803751833423,"Hex(2)HexNAc(2)Fuc(1)NeuAc(1) _ H7N10F3S1"
"207",1209.433,3896.6337,"Hex(2)HexNAc(2)Fuc(1)NeuAc(1) + Acetyl","H7N10F3S1",32269.3067,0.000223415758461031,"Hex(2)HexNAc(2)Fuc(1)NeuAc(1) + Acetyl _ H7N10F3S1"
"208",1312.453,3896.6337,"Hex(2)HexNAc(2)NeuAc(2)","H7N10F3S1",32372.3267,0.00266884120786545,"Hex(2)HexNAc(2)NeuAc(2) _ H7N10F3S1"
"209",656,3912.6331,"Hex(1)HexNAc(1)NeuAc(1)","H8N10F2S1",31731.8731,0.00294847032855519,"Hex(1)HexNAc(1)NeuAc(1) _ H8N10F2S1"
"210",947.323,3912.6331,"Hex(1)HexNAc(1)NeuAc(2)","H8N10F2S1",32023.1961,0.0206868997454325,"Hex(1)HexNAc(1)NeuAc(2) _ H8N10F2S1"
"211",1021.74,3912.6331,"Hex(2)HexNAc(2)NeuAc(1)","H8N10F2S1",32097.6131,0.0031544918751662,"Hex(2)HexNAc(2)NeuAc(1) _ H8N10F2S1"
"212",1063.363,3912.6331,"Hex(2)HexNAc(2)NeuAc(1) + Acetyl","H8N10F2S1",32139.2361,0.00147871649591024,"Hex(2)HexNAc(2)NeuAc(1) + Acetyl _ H8N10F2S1"
"213",1143.333,3912.6331,"Hex(2)HexNAc(2)NeuAc(1) + Acetyl + sulfation","H8N10F2S1",32219.2061,0.00131762970156449,"Hex(2)HexNAc(2)NeuAc(1) + Acetyl + sulfation _ H8N10F2S1"
"214",1167.423,3912.6331,"Hex(2)HexNAc(2)Fuc(1)NeuAc(1)","H8N10F2S1",32243.2961,0.00188638014019405,"Hex(2)HexNAc(2)Fuc(1)NeuAc(1) _ H8N10F2S1"
"215",1209.433,3912.6331,"Hex(2)HexNAc(2)Fuc(1)NeuAc(1) + Acetyl","H8N10F2S1",32285.3061,0.000755547176550968,"Hex(2)HexNAc(2)Fuc(1)NeuAc(1) + Acetyl _ H8N10F2S1"
"216",1312.453,3912.6331,"Hex(2)HexNAc(2)NeuAc(2)","H8N10F2S1",32388.3261,0.00902548438460903,"Hex(2)HexNAc(2)NeuAc(2) _ H8N10F2S1"
"217",656,3959.6434,"Hex(1)HexNAc(1)NeuAc(1)","H9N8F2S2",31778.8834,0.000852912933255359,"Hex(1)HexNAc(1)NeuAc(1) _ H9N8F2S2"
"218",947.323,3959.6434,"Hex(1)HexNAc(1)NeuAc(2)","H9N8F2S2",32070.2064,0.00598416208260856,"Hex(1)HexNAc(1)NeuAc(2) _ H9N8F2S2"
"219",1021.74,3959.6434,"Hex(2)HexNAc(2)NeuAc(1)","H9N8F2S2",32144.6234,0.000912509409411829,"Hex(2)HexNAc(2)NeuAc(1) _ H9N8F2S2"
"220",1063.363,3959.6434,"Hex(2)HexNAc(2)NeuAc(1) + Acetyl","H9N8F2S2",32186.2464,0.000427752794988413,"Hex(2)HexNAc(2)NeuAc(1) + Acetyl _ H9N8F2S2"
"221",1143.333,3959.6434,"Hex(2)HexNAc(2)NeuAc(1) + Acetyl + sulfation","H9N8F2S2",32266.2164,0.000381154730580738,"Hex(2)HexNAc(2)NeuAc(1) + Acetyl + sulfation _ H9N8F2S2"
"222",1167.423,3959.6434,"Hex(2)HexNAc(2)Fuc(1)NeuAc(1)","H9N8F2S2",32290.3064,0.000545678890855913,"Hex(2)HexNAc(2)Fuc(1)NeuAc(1) _ H9N8F2S2"
"223",1209.433,3959.6434,"Hex(2)HexNAc(2)Fuc(1)NeuAc(1) + Acetyl","H9N8F2S2",32332.3164,0.000218559417852669,"Hex(2)HexNAc(2)Fuc(1)NeuAc(1) + Acetyl _ H9N8F2S2"
"224",1312.453,3959.6434,"Hex(2)HexNAc(2)NeuAc(2)","H9N8F2S2",32435.3364,0.00261082917673432,"Hex(2)HexNAc(2)NeuAc(2) _ H9N8F2S2"
"225",656,4000.696,"Hex(1)HexNAc(1)NeuAc(1)","H8N9F2S2",31819.936,0.00114365226414142,"Hex(1)HexNAc(1)NeuAc(1) _ H8N9F2S2"
"226",947.323,4000.696,"Hex(1)HexNAc(1)NeuAc(2)","H8N9F2S2",32111.259,0.00802403181839843,"Hex(1)HexNAc(1)NeuAc(2) _ H8N9F2S2"
"227",1021.74,4000.696,"Hex(2)HexNAc(2)NeuAc(1)","H8N9F2S2",32185.676,0.00122356387320925,"Hex(2)HexNAc(2)NeuAc(1) _ H8N9F2S2"
"228",1063.363,4000.696,"Hex(2)HexNAc(2)NeuAc(1) + Acetyl","H8N9F2S2",32227.299,0.000573564350365942,"Hex(2)HexNAc(2)NeuAc(1) + Acetyl _ H8N9F2S2"
"229",1143.333,4000.696,"Hex(2)HexNAc(2)NeuAc(1) + Acetyl + sulfation","H8N9F2S2",32307.269,0.00051108202680562,"Hex(2)HexNAc(2)NeuAc(1) + Acetyl + sulfation _ H8N9F2S2"
"230",1167.423,4000.696,"Hex(2)HexNAc(2)Fuc(1)NeuAc(1)","H8N9F2S2",32331.359,0.00073168886845183,"Hex(2)HexNAc(2)Fuc(1)NeuAc(1) _ H8N9F2S2"
"231",1209.433,4000.696,"Hex(2)HexNAc(2)Fuc(1)NeuAc(1) + Acetyl","H8N9F2S2",32373.369,0.000293061534572604,"Hex(2)HexNAc(2)Fuc(1)NeuAc(1) + Acetyl _ H8N9F2S2"
"232",1312.453,4000.696,"Hex(2)HexNAc(2)NeuAc(2)","H8N9F2S2",32476.389,0.00350080363755574,"Hex(2)HexNAc(2)NeuAc(2) _ H8N9F2S2"
"233",656,4058.7761,"Hex(1)HexNAc(1)NeuAc(1)","H8N10F3S1",31878.0161,0.00157472109818484,"Hex(1)HexNAc(1)NeuAc(1) _ H8N10F3S1"
"234",947.323,4058.7761,"Hex(1)HexNAc(1)NeuAc(2)","H8N10F3S1",32169.3391,0.0110484739051554,"Hex(1)HexNAc(1)NeuAc(2) _ H8N10F3S1"
"235",1021.74,4058.7761,"Hex(2)HexNAc(2)NeuAc(1)","H8N10F3S1",32243.7561,0.00168475323009643,"Hex(2)HexNAc(2)NeuAc(1) _ H8N10F3S1"
"236",1063.363,4058.7761,"Hex(2)HexNAc(2)NeuAc(1) + Acetyl","H8N10F3S1",32285.3791,0.000789753941829506,"Hex(2)HexNAc(2)NeuAc(1) + Acetyl _ H8N10F3S1"
"237",1143.333,4058.7761,"Hex(2)HexNAc(2)NeuAc(1) + Acetyl + sulfation","H8N10F3S1",32365.3491,0.00070372059388006,"Hex(2)HexNAc(2)NeuAc(1) + Acetyl + sulfation _ H8N10F3S1"
"238",1167.423,4058.7761,"Hex(2)HexNAc(2)Fuc(1)NeuAc(1)","H8N10F3S1",32389.4391,0.00100747922649642,"Hex(2)HexNAc(2)Fuc(1)NeuAc(1) _ H8N10F3S1"
"239",1209.433,4058.7761,"Hex(2)HexNAc(2)Fuc(1)NeuAc(1) + Acetyl","H8N10F3S1",32431.4491,0.000403523165237958,"Hex(2)HexNAc(2)Fuc(1)NeuAc(1) + Acetyl _ H8N10F3S1"
"240",1312.453,4058.7761,"Hex(2)HexNAc(2)NeuAc(2)","H8N10F3S1",32534.4691,0.00482033702158573,"Hex(2)HexNAc(2)NeuAc(2) _ H8N10F3S1"
"241",656,4074.7755,"Hex(1)HexNAc(1)NeuAc(1)","H9N10F2S1",31894.0155,0.0010825153727754,"Hex(1)HexNAc(1)NeuAc(1) _ H9N10F2S1"
"242",947.323,4074.7755,"Hex(1)HexNAc(1)NeuAc(2)","H9N10F2S1",32185.3385,0.00759508643265459,"Hex(1)HexNAc(1)NeuAc(2) _ H9N10F2S1"
"243",1021.74,4074.7755,"Hex(2)HexNAc(2)NeuAc(1)","H9N10F2S1",32259.7555,0.00115815509998224,"Hex(2)HexNAc(2)NeuAc(1) _ H9N10F2S1"
"244",1063.363,4074.7755,"Hex(2)HexNAc(2)NeuAc(1) + Acetyl","H9N10F2S1",32301.3785,0.000542902983725731,"Hex(2)HexNAc(2)NeuAc(1) + Acetyl _ H9N10F2S1"
"245",1143.333,4074.7755,"Hex(2)HexNAc(2)NeuAc(1) + Acetyl + sulfation","H9N10F2S1",32381.3485,0.000483760814465433,"Hex(2)HexNAc(2)NeuAc(1) + Acetyl + sulfation _ H9N10F2S1"
"246",1167.423,4074.7755,"Hex(2)HexNAc(2)Fuc(1)NeuAc(1)","H9N10F2S1",32405.4385,0.000692574546496762,"Hex(2)HexNAc(2)Fuc(1)NeuAc(1) _ H9N10F2S1"
"247",1209.433,4074.7755,"Hex(2)HexNAc(2)Fuc(1)NeuAc(1) + Acetyl","H9N10F2S1",32447.4485,0.000277395171846363,"Hex(2)HexNAc(2)Fuc(1)NeuAc(1) + Acetyl _ H9N10F2S1"
"248",1312.453,4074.7755,"Hex(2)HexNAc(2)NeuAc(2)","H9N10F2S1",32550.4685,0.00331365911959887,"Hex(2)HexNAc(2)NeuAc(2) _ H9N10F2S1"
"249",656,3870.5524,"Hex(1)HexNAc(1)NeuAc(1)","H9N9F2S2",31689.7924,0.00110920211359803,"Hex(1)HexNAc(1)NeuAc(1) _ H9N9F2S2"
"250",947.323,3870.5524,"Hex(1)HexNAc(1)NeuAc(2)","H9N9F2S2",31981.1154,0.00778232451559663,"Hex(1)HexNAc(1)NeuAc(2) _ H9N9F2S2"
"251",1021.74,3870.5524,"Hex(2)HexNAc(2)NeuAc(1)","H9N9F2S2",32055.5324,0.00118670655131765,"Hex(2)HexNAc(2)NeuAc(1) _ H9N9F2S2"
"252",1063.363,3870.5524,"Hex(2)HexNAc(2)NeuAc(1) + Acetyl","H9N9F2S2",32097.1554,0.000556286914876175,"Hex(2)HexNAc(2)NeuAc(1) + Acetyl _ H9N9F2S2"
"253",1143.333,3870.5524,"Hex(2)HexNAc(2)NeuAc(1) + Acetyl + sulfation","H9N9F2S2",32177.1254,0.000495686741616644,"Hex(2)HexNAc(2)NeuAc(1) + Acetyl + sulfation _ H9N9F2S2"
"254",1167.423,3870.5524,"Hex(2)HexNAc(2)Fuc(1)NeuAc(1)","H9N9F2S2",32201.2154,0.000709648260078608,"Hex(2)HexNAc(2)Fuc(1)NeuAc(1) _ H9N9F2S2"
"255",1209.433,3870.5524,"Hex(2)HexNAc(2)Fuc(1)NeuAc(1) + Acetyl","H9N9F2S2",32243.2254,0.000284233664160365,"Hex(2)HexNAc(2)Fuc(1)NeuAc(1) + Acetyl _ H9N9F2S2"
"256",1312.453,3870.5524,"Hex(2)HexNAc(2)NeuAc(2)","H9N9F2S2",32346.2454,0.0033953491946992,"Hex(2)HexNAc(2)NeuAc(2) _ H9N9F2S2"
"257",656,4203.891,"Hex(1)HexNAc(1)NeuAc(1)","H8N10F2S2",32023.131,0.000935720293984405,"Hex(1)HexNAc(1)NeuAc(1) _ H8N10F2S2"
"258",947.323,4203.891,"Hex(1)HexNAc(1)NeuAc(2)","H8N10F2S2",32314.454,0.00656515065590211,"Hex(1)HexNAc(1)NeuAc(2) _ H8N10F2S2"
"259",1021.74,4203.891,"Hex(2)HexNAc(2)NeuAc(1)","H8N10F2S2",32388.871,0.00100110285534002,"Hex(2)HexNAc(2)NeuAc(1) _ H8N10F2S2"
"260",1063.363,4203.891,"Hex(2)HexNAc(2)NeuAc(1) + Acetyl","H8N10F2S2",32430.494,0.000469282332900647,"Hex(2)HexNAc(2)NeuAc(1) + Acetyl _ H8N10F2S2"
"261",1143.333,4203.891,"Hex(2)HexNAc(2)NeuAc(1) + Acetyl + sulfation","H8N10F2S2",32510.464,0.000418160169281633,"Hex(2)HexNAc(2)NeuAc(1) + Acetyl + sulfation _ H8N10F2S2"
"262",1167.423,4203.891,"Hex(2)HexNAc(2)Fuc(1)NeuAc(1)","H8N10F2S2",32534.554,0.000598657602979396,"Hex(2)HexNAc(2)Fuc(1)NeuAc(1) _ H8N10F2S2"
"263",1209.433,4203.891,"Hex(2)HexNAc(2)Fuc(1)NeuAc(1) + Acetyl","H8N10F2S2",32576.564,0.000239778850515953,"Hex(2)HexNAc(2)Fuc(1)NeuAc(1) + Acetyl _ H8N10F2S2"
"264",1312.453,4203.891,"Hex(2)HexNAc(2)NeuAc(2)","H8N10F2S2",32679.584,0.00286430859416394,"Hex(2)HexNAc(2)NeuAc(2) _ H8N10F2S2"
"265",656,4220.9185,"Hex(1)HexNAc(1)NeuAc(1)","H9N10F3S1",32040.1585,0.00108374157116415,"Hex(1)HexNAc(1)NeuAc(1) _ H9N10F3S1"
"266",947.323,4220.9185,"Hex(1)HexNAc(1)NeuAc(2)","H9N10F3S1",32331.4815,0.00760368962017538,"Hex(1)HexNAc(1)NeuAc(2) _ H9N10F3S1"
"267",1021.74,4220.9185,"Hex(2)HexNAc(2)NeuAc(1)","H9N10F3S1",32405.8985,0.00115946697781163,"Hex(2)HexNAc(2)NeuAc(1) _ H9N10F3S1"
"268",1063.363,4220.9185,"Hex(2)HexNAc(2)NeuAc(1) + Acetyl","H9N10F3S1",32447.5215,0.0005435179465989,"Hex(2)HexNAc(2)NeuAc(1) + Acetyl _ H9N10F3S1"
"269",1143.333,4220.9185,"Hex(2)HexNAc(2)NeuAc(1) + Acetyl + sulfation","H9N10F3S1",32527.4915,0.00048430878518821,"Hex(2)HexNAc(2)NeuAc(1) + Acetyl + sulfation _ H9N10F3S1"
"270",1167.423,4220.9185,"Hex(2)HexNAc(2)Fuc(1)NeuAc(1)","H9N10F3S1",32551.5815,0.000693359046943001,"Hex(2)HexNAc(2)Fuc(1)NeuAc(1) _ H9N10F3S1"
"271",1209.433,4220.9185,"Hex(2)HexNAc(2)Fuc(1)NeuAc(1) + Acetyl","H9N10F3S1",32593.5915,0.000277709385871696,"Hex(2)HexNAc(2)Fuc(1)NeuAc(1) + Acetyl _ H9N10F3S1"
"272",1312.453,4220.9185,"Hex(2)HexNAc(2)NeuAc(2)","H9N10F3S1",32696.6115,0.00331741260299088,"Hex(2)HexNAc(2)NeuAc(2) _ H9N10F3S1"
"273",656,4236.9179,"Hex(1)HexNAc(1)NeuAc(1)","H10N10F2S1",32056.1579,0.000501862032007459,"Hex(1)HexNAc(1)NeuAc(1) _ H10N10F2S1"
"274",947.323,4236.9179,"Hex(1)HexNAc(1)NeuAc(2)","H10N10F2S1",32347.4809,0.00352113753414121,"Hex(1)HexNAc(1)NeuAc(2) _ H10N10F2S1"
"275",1021.74,4236.9179,"Hex(2)HexNAc(2)NeuAc(1)","H10N10F2S1",32421.8979,0.000536929161908062,"Hex(2)HexNAc(2)NeuAc(1) _ H10N10F2S1"
"276",1063.363,4236.9179,"Hex(2)HexNAc(2)NeuAc(1) + Acetyl","H10N10F2S1",32463.5209,0.000251693787864608,"Hex(2)HexNAc(2)NeuAc(1) + Acetyl _ H10N10F2S1"
"277",1143.333,4236.9179,"Hex(2)HexNAc(2)NeuAc(1) + Acetyl + sulfation","H10N10F2S1",32543.4909,0.000224275046303271,"Hex(2)HexNAc(2)NeuAc(1) + Acetyl + sulfation _ H10N10F2S1"
"278",1167.423,4236.9179,"Hex(2)HexNAc(2)Fuc(1)NeuAc(1)","H10N10F2S1",32567.5809,0.000321082617358474,"Hex(2)HexNAc(2)Fuc(1)NeuAc(1) _ H10N10F2S1"
"279",1209.433,4236.9179,"Hex(2)HexNAc(2)Fuc(1)NeuAc(1) + Acetyl","H10N10F2S1",32609.5909,0.000128602427377037,"Hex(2)HexNAc(2)Fuc(1)NeuAc(1) + Acetyl _ H10N10F2S1"
"280",1312.453,4236.9179,"Hex(2)HexNAc(2)NeuAc(2)","H10N10F2S1",32712.6109,0.00153623656620992,"Hex(2)HexNAc(2)NeuAc(2) _ H10N10F2S1"
"281",656,4267.9288,"Hex(1)HexNAc(1)NeuAc(1)","H10N8F3S2",32087.1688,0.000790504632866276,"Hex(1)HexNAc(1)NeuAc(1) _ H10N8F3S2"
"282",947.323,4267.9288,"Hex(1)HexNAc(1)NeuAc(2)","H10N8F3S2",32378.4918,0.00554629630491073,"Hex(1)HexNAc(1)NeuAc(2) _ H10N8F3S2"
"283",1021.74,4267.9288,"Hex(2)HexNAc(2)NeuAc(1)","H10N8F3S2",32452.9088,0.000845740388671246,"Hex(2)HexNAc(2)NeuAc(1) _ H10N8F3S2"
"284",1063.363,4267.9288,"Hex(2)HexNAc(2)NeuAc(1) + Acetyl","H10N8F3S2",32494.5318,0.000396453791442978,"Hex(2)HexNAc(2)NeuAc(1) + Acetyl _ H10N8F3S2"
"285",1143.333,4267.9288,"Hex(2)HexNAc(2)NeuAc(1) + Acetyl + sulfation","H10N8F3S2",32574.5018,0.000353265343524532,"Hex(2)HexNAc(2)NeuAc(1) + Acetyl + sulfation _ H10N8F3S2"
"286",1167.423,4267.9288,"Hex(2)HexNAc(2)Fuc(1)NeuAc(1)","H10N8F3S2",32598.5918,0.000505751143475487,"Hex(2)HexNAc(2)Fuc(1)NeuAc(1) _ H10N8F3S2"
"287",1209.433,4267.9288,"Hex(2)HexNAc(2)Fuc(1)NeuAc(1) + Acetyl","H10N8F3S2",32640.6018,0.000202567255850679,"Hex(2)HexNAc(2)Fuc(1)NeuAc(1) + Acetyl _ H10N8F3S2"
"288",1312.453,4267.9288,"Hex(2)HexNAc(2)NeuAc(2)","H10N8F3S2",32743.6218,0.00241979278231089,"Hex(2)HexNAc(2)NeuAc(2) _ H10N8F3S2"
"289",656,4308.9814,"Hex(1)HexNAc(1)NeuAc(1)","H9N9F3S2",32128.2214,0.00121476055890859,"Hex(1)HexNAc(1)NeuAc(1) _ H9N9F3S2"
"290",947.323,4308.9814,"Hex(1)HexNAc(1)NeuAc(2)","H9N9F3S2",32419.5444,0.00852293803111171,"Hex(1)HexNAc(1)NeuAc(2) _ H9N9F3S2"
"291",1021.74,4308.9814,"Hex(2)HexNAc(2)NeuAc(1)","H9N9F3S2",32493.9614,0.00129964079212125,"Hex(2)HexNAc(2)NeuAc(1) _ H9N9F3S2"
"292",1063.363,4308.9814,"Hex(2)HexNAc(2)NeuAc(1) + Acetyl","H9N9F3S2",32535.5844,0.000609226574079001,"Hex(2)HexNAc(2)NeuAc(1) + Acetyl _ H9N9F3S2"
"293",1143.333,4308.9814,"Hex(2)HexNAc(2)NeuAc(1) + Acetyl + sulfation","H9N9F3S2",32615.5544,0.000542859318340627,"Hex(2)HexNAc(2)NeuAc(1) + Acetyl + sulfation _ H9N9F3S2"
"294",1167.423,4308.9814,"Hex(2)HexNAc(2)Fuc(1)NeuAc(1)","H9N9F3S2",32639.6444,0.000777182721231271,"Hex(2)HexNAc(2)Fuc(1)NeuAc(1) _ H9N9F3S2"
"295",1209.433,4308.9814,"Hex(2)HexNAc(2)Fuc(1)NeuAc(1) + Acetyl","H9N9F3S2",32681.6544,0.000311283075016937,"Hex(2)HexNAc(2)Fuc(1)NeuAc(1) + Acetyl _ H9N9F3S2"
"296",1312.453,4308.9814,"Hex(2)HexNAc(2)NeuAc(2)","H9N9F3S2",32784.6744,0.00371847135420924,"Hex(2)HexNAc(2)NeuAc(2) _ H9N9F3S2"
"297",656,4324.9808,"Hex(1)HexNAc(1)NeuAc(1)","H10N9F2S2",32144.2208,0.000925548971807926,"Hex(1)HexNAc(1)NeuAc(1) _ H10N9F2S2"
"298",947.323,4324.9808,"Hex(1)HexNAc(1)NeuAc(2)","H10N9F2S2",32435.5438,0.00649378716951885,"Hex(1)HexNAc(1)NeuAc(2) _ H10N9F2S2"
"299",1021.74,4324.9808,"Hex(2)HexNAc(2)NeuAc(1)","H10N9F2S2",32509.9608,0.000990220821746309,"Hex(2)HexNAc(2)NeuAc(1) _ H10N9F2S2"
"300",1063.363,4324.9808,"Hex(2)HexNAc(2)NeuAc(1) + Acetyl","H10N9F2S2",32551.5838,0.000464181212586865,"Hex(2)HexNAc(2)NeuAc(1) + Acetyl _ H10N9F2S2"
"301",1143.333,4324.9808,"Hex(2)HexNAc(2)NeuAc(1) + Acetyl + sulfation","H10N9F2S2",32631.5538,0.000413614749212753,"Hex(2)HexNAc(2)NeuAc(1) + Acetyl + sulfation _ H10N9F2S2"
"302",1167.423,4324.9808,"Hex(2)HexNAc(2)Fuc(1)NeuAc(1)","H10N9F2S2",32655.6438,0.000592150167592509,"Hex(2)HexNAc(2)Fuc(1)NeuAc(1) _ H10N9F2S2"
"303",1209.433,4324.9808,"Hex(2)HexNAc(2)Fuc(1)NeuAc(1) + Acetyl","H10N9F2S2",32697.6538,0.000237172443499473,"Hex(2)HexNAc(2)Fuc(1)NeuAc(1) + Acetyl _ H10N9F2S2"
"304",1312.453,4324.9808,"Hex(2)HexNAc(2)NeuAc(2)","H10N9F2S2",32800.6738,0.00283317342940221,"Hex(2)HexNAc(2)NeuAc(2) _ H10N9F2S2"
"305",656,4350.034,"Hex(1)HexNAc(1)NeuAc(1)","H8N10F3S2",32169.274,0.000868484907625796,"Hex(1)HexNAc(1)NeuAc(1) _ H8N10F3S2"
"306",947.323,4350.034,"Hex(1)HexNAc(1)NeuAc(2)","H8N10F3S2",32460.597,0.00609341733592411,"Hex(1)HexNAc(1)NeuAc(2) _ H8N10F3S2"
"307",1021.74,4350.034,"Hex(2)HexNAc(2)NeuAc(1)","H8N10F3S2",32535.014,0.000929169460610618,"Hex(2)HexNAc(2)NeuAc(1) _ H8N10F3S2"
"308",1063.363,4350.034,"Hex(2)HexNAc(2)NeuAc(1) + Acetyl","H8N10F3S2",32576.637,0.000435562449761754,"Hex(2)HexNAc(2)NeuAc(1) + Acetyl _ H8N10F3S2"
"309",1143.333,4350.034,"Hex(2)HexNAc(2)NeuAc(1) + Acetyl + sulfation","H8N10F3S2",32656.607,0.00038811362575556,"Hex(2)HexNAc(2)NeuAc(1) + Acetyl + sulfation _ H8N10F3S2"
"310",1167.423,4350.034,"Hex(2)HexNAc(2)Fuc(1)NeuAc(1)","H8N10F3S2",32680.697,0.000555641569778443,"Hex(2)HexNAc(2)Fuc(1)NeuAc(1) _ H8N10F3S2"
"311",1209.433,4350.034,"Hex(2)HexNAc(2)Fuc(1)NeuAc(1) + Acetyl","H8N10F3S2",32722.707,0.000222549745025021,"Hex(2)HexNAc(2)Fuc(1)NeuAc(1) + Acetyl _ H8N10F3S2"
"312",1312.453,4350.034,"Hex(2)HexNAc(2)NeuAc(2)","H8N10F3S2",32825.727,0.00265849613480298,"Hex(2)HexNAc(2)NeuAc(2) _ H8N10F3S2"
"313",656,4366.0334,"Hex(1)HexNAc(1)NeuAc(1)","H9N10F2S2",32185.2734,0.00176892578212191,"Hex(1)HexNAc(1)NeuAc(1) _ H9N10F2S2"
"314",947.323,4366.0334,"Hex(1)HexNAc(1)NeuAc(2)","H9N10F2S2",32476.5964,0.0124110424166278,"Hex(1)HexNAc(1)NeuAc(2) _ H9N10F2S2"
"315",1021.74,4366.0334,"Hex(2)HexNAc(2)NeuAc(1)","H9N10F2S2",32551.0134,0.00189252778073908,"Hex(2)HexNAc(2)NeuAc(1) _ H9N10F2S2"
"316",1063.363,4366.0334,"Hex(2)HexNAc(2)NeuAc(1) + Acetyl","H9N10F2S2",32592.6364,0.000887151452307936,"Hex(2)HexNAc(2)NeuAc(1) + Acetyl _ H9N10F2S2"
"317",1143.333,4366.0334,"Hex(2)HexNAc(2)NeuAc(1) + Acetyl + sulfation","H9N10F2S2",32672.6064,0.000790507921281734,"Hex(2)HexNAc(2)NeuAc(1) + Acetyl + sulfation _ H9N10F2S2"
"318",1167.423,4366.0334,"Hex(2)HexNAc(2)Fuc(1)NeuAc(1)","H9N10F2S2",32696.6964,0.00113172801250713,"Hex(2)HexNAc(2)Fuc(1)NeuAc(1) _ H9N10F2S2"
"319",1209.433,4366.0334,"Hex(2)HexNAc(2)Fuc(1)NeuAc(1) + Acetyl","H9N10F2S2",32738.7064,0.000453288224496171,"Hex(2)HexNAc(2)Fuc(1)NeuAc(1) + Acetyl _ H9N10F2S2"
"320",1312.453,4366.0334,"Hex(2)HexNAc(2)NeuAc(2)","H9N10F2S2",32841.7264,0.00541481183291983,"Hex(2)HexNAc(2)NeuAc(2) _ H9N10F2S2"
"321",656,4413.0437,"Hex(1)HexNAc(1)NeuAc(1)","H10N8F2S3",32232.2837,0.000775964956433475,"Hex(1)HexNAc(1)NeuAc(1) _ H10N8F2S3"
"322",947.323,4413.0437,"Hex(1)HexNAc(1)NeuAc(2)","H10N8F2S3",32523.6067,0.00544428380514657,"Hex(1)HexNAc(1)NeuAc(2) _ H10N8F2S3"
"323",1021.74,4413.0437,"Hex(2)HexNAc(2)NeuAc(1)","H10N8F2S3",32598.0237,0.000830184766242008,"Hex(2)HexNAc(2)NeuAc(1) _ H10N8F2S3"
"324",1063.363,4413.0437,"Hex(2)HexNAc(2)NeuAc(1) + Acetyl","H10N8F2S3",32639.6467,0.000389161854611138,"Hex(2)HexNAc(2)NeuAc(1) + Acetyl _ H10N8F2S3"
"325",1143.333,4413.0437,"Hex(2)HexNAc(2)NeuAc(1) + Acetyl + sulfation","H10N8F2S3",32719.6167,0.000346767767702433,"Hex(2)HexNAc(2)NeuAc(1) + Acetyl + sulfation _ H10N8F2S3"
"326",1167.423,4413.0437,"Hex(2)HexNAc(2)Fuc(1)NeuAc(1)","H10N8F2S3",32743.7067,0.000496448910856065,"Hex(2)HexNAc(2)Fuc(1)NeuAc(1) _ H10N8F2S3"
"327",1209.433,4413.0437,"Hex(2)HexNAc(2)Fuc(1)NeuAc(1) + Acetyl","H10N8F2S3",32785.7167,0.000198841455604233,"Hex(2)HexNAc(2)Fuc(1)NeuAc(1) + Acetyl _ H10N8F2S3"
"328",1312.453,4413.0437,"Hex(2)HexNAc(2)NeuAc(2)","H10N8F2S3",32888.7367,0.00237528576410195,"Hex(2)HexNAc(2)NeuAc(2) _ H10N8F2S3"
"329",656,4454.0963,"Hex(1)HexNAc(1)NeuAc(1)","H9N9F2S3",32273.3363,0.000466782971938403,"Hex(1)HexNAc(1)NeuAc(1) _ H9N9F2S3"
"330",947.323,4454.0963,"Hex(1)HexNAc(1)NeuAc(2)","H9N9F2S3",32564.6593,0.00327501770997864,"Hex(1)HexNAc(1)NeuAc(2) _ H9N9F2S3"
"331",1021.74,4454.0963,"Hex(2)HexNAc(2)NeuAc(1)","H9N9F2S3",32639.0763,0.000499398986038689,"Hex(2)HexNAc(2)NeuAc(1) _ H9N9F2S3"
"332",1063.363,4454.0963,"Hex(2)HexNAc(2)NeuAc(1) + Acetyl","H9N9F2S3",32680.6993,0.000234100941742749,"Hex(2)HexNAc(2)NeuAc(1) + Acetyl _ H9N9F2S3"
"333",1143.333,4454.0963,"Hex(2)HexNAc(2)NeuAc(1) + Acetyl + sulfation","H9N9F2S3",32760.6693,0.000208598710339395,"Hex(2)HexNAc(2)NeuAc(1) + Acetyl + sulfation _ H9N9F2S3"
"334",1167.423,4454.0963,"Hex(2)HexNAc(2)Fuc(1)NeuAc(1)","H9N9F2S3",32784.7593,0.000298639643586591,"Hex(2)HexNAc(2)Fuc(1)NeuAc(1) _ H9N9F2S3"
"335",1209.433,4454.0963,"Hex(2)HexNAc(2)Fuc(1)NeuAc(1) + Acetyl","H9N9F2S3",32826.7693,0.000119613398545865,"Hex(2)HexNAc(2)Fuc(1)NeuAc(1) + Acetyl _ H9N9F2S3"
"336",1312.453,4454.0963,"Hex(2)HexNAc(2)NeuAc(2)","H9N9F2S3",32929.7893,0.00142885698507126,"Hex(2)HexNAc(2)NeuAc(2) _ H9N9F2S3"
"337",656,4471.1238,"Hex(1)HexNAc(1)NeuAc(1)","H10N9F3S2",32290.3638,0.000496473872103452,"Hex(1)HexNAc(1)NeuAc(1) _ H10N9F3S2"
"338",947.323,4471.1238,"Hex(1)HexNAc(1)NeuAc(2)","H10N9F3S2",32581.6868,0.00348333341494522,"Hex(1)HexNAc(1)NeuAc(2) _ H10N9F3S2"
"339",1021.74,4471.1238,"Hex(2)HexNAc(2)NeuAc(1)","H10N9F3S2",32656.1038,0.000531164509479759,"Hex(2)HexNAc(2)NeuAc(1) _ H10N9F3S2"
"340",1063.363,4471.1238,"Hex(2)HexNAc(2)NeuAc(1) + Acetyl","H10N9F3S2",32697.7268,0.000248991518536851,"Hex(2)HexNAc(2)NeuAc(1) + Acetyl _ H10N9F3S2"
"341",1143.333,4471.1238,"Hex(2)HexNAc(2)NeuAc(1) + Acetyl + sulfation","H10N9F3S2",32777.6968,0.00022186715382508,"Hex(2)HexNAc(2)NeuAc(1) + Acetyl + sulfation _ H10N9F3S2"
"342",1167.423,4471.1238,"Hex(2)HexNAc(2)Fuc(1)NeuAc(1)","H10N9F3S2",32801.7868,0.000317635366173115,"Hex(2)HexNAc(2)Fuc(1)NeuAc(1) _ H10N9F3S2"
"343",1209.433,4471.1238,"Hex(2)HexNAc(2)Fuc(1)NeuAc(1) + Acetyl","H10N9F3S2",32843.7968,0.000127221708377476,"Hex(2)HexNAc(2)Fuc(1)NeuAc(1) + Acetyl _ H10N9F3S2"
"344",1312.453,4471.1238,"Hex(2)HexNAc(2)NeuAc(2)","H10N9F3S2",32946.8168,0.00151974301272071,"Hex(2)HexNAc(2)NeuAc(2) _ H10N9F3S2"
"345",656,4512.1764,"Hex(1)HexNAc(1)NeuAc(1)","H9N10F3S2",32331.4164,0.000924328526071565,"Hex(1)HexNAc(1)NeuAc(1) _ H9N10F3S2"
"346",947.323,4512.1764,"Hex(1)HexNAc(1)NeuAc(2)","H9N10F3S2",32622.7394,0.00648522434344991,"Hex(1)HexNAc(1)NeuAc(2) _ H9N10F3S2"
"347",1021.74,4512.1764,"Hex(2)HexNAc(2)NeuAc(1)","H9N10F3S2",32697.1564,0.000988915098530393,"Hex(2)HexNAc(2)NeuAc(1) _ H9N10F3S2"
"348",1063.363,4512.1764,"Hex(2)HexNAc(2)NeuAc(1) + Acetyl","H9N10F3S2",32738.7794,0.000463569134783252,"Hex(2)HexNAc(2)NeuAc(1) + Acetyl _ H9N10F3S2"
"349",1143.333,4512.1764,"Hex(2)HexNAc(2)NeuAc(1) + Acetyl + sulfation","H9N10F3S2",32818.7494,0.000413069349268992,"Hex(2)HexNAc(2)NeuAc(1) + Acetyl + sulfation _ H9N10F3S2"
"350",1167.423,4512.1764,"Hex(2)HexNAc(2)Fuc(1)NeuAc(1)","H9N10F3S2",32842.8394,0.00059136934759342,"Hex(2)HexNAc(2)Fuc(1)NeuAc(1) _ H9N10F3S2"
"351",1209.433,4512.1764,"Hex(2)HexNAc(2)Fuc(1)NeuAc(1) + Acetyl","H9N10F3S2",32884.8494,0.000236859703594543,"Hex(2)HexNAc(2)Fuc(1)NeuAc(1) + Acetyl _ H9N10F3S2"
"352",1312.453,4512.1764,"Hex(2)HexNAc(2)NeuAc(2)","H9N10F3S2",32987.8694,0.00282943755530197,"Hex(2)HexNAc(2)NeuAc(2) _ H9N10F3S2"
"353",656,4528.1758,"Hex(1)HexNAc(1)NeuAc(1)","H10N10F2S2",32347.4158,0.00108686792098546,"Hex(1)HexNAc(1)NeuAc(1) _ H10N10F2S2"
"354",947.323,4528.1758,"Hex(1)HexNAc(1)NeuAc(2)","H10N10F2S2",32638.7388,0.0076256245484995,"Hex(1)HexNAc(1)NeuAc(2) _ H10N10F2S2"
"355",1021.74,4528.1758,"Hex(2)HexNAc(2)NeuAc(1)","H10N10F2S2",32713.1558,0.00116281177833912,"Hex(2)HexNAc(2)NeuAc(1) _ H10N10F2S2"
"356",1063.363,4528.1758,"Hex(2)HexNAc(2)NeuAc(1) + Acetyl","H10N10F2S2",32754.7788,0.000545085873197309,"Hex(2)HexNAc(2)NeuAc(1) + Acetyl _ H10N10F2S2"
"357",1143.333,4528.1758,"Hex(2)HexNAc(2)NeuAc(1) + Acetyl + sulfation","H10N10F2S2",32834.7488,0.000485705906720059,"Hex(2)HexNAc(2)NeuAc(1) + Acetyl + sulfation _ H10N10F2S2"
"358",1167.423,4528.1758,"Hex(2)HexNAc(2)Fuc(1)NeuAc(1)","H10N10F2S2",32858.8388,0.000695359231295242,"Hex(2)HexNAc(2)Fuc(1)NeuAc(1) _ H10N10F2S2"
"359",1209.433,4528.1758,"Hex(2)HexNAc(2)Fuc(1)NeuAc(1) + Acetyl","H10N10F2S2",32900.8488,0.000278510514768103,"Hex(2)HexNAc(2)Fuc(1)NeuAc(1) + Acetyl _ H10N10F2S2"
"360",1312.453,4528.1758,"Hex(2)HexNAc(2)NeuAc(2)","H10N10F2S2",33003.8688,0.00332698258957674,"Hex(2)HexNAc(2)NeuAc(2) _ H10N10F2S2"
"361",656,4819.4337,"Hex(1)HexNAc(1)NeuAc(1)","H10N10F2S3",32638.6737,0.000465780282127728,"Hex(1)HexNAc(1)NeuAc(1) _ H10N10F2S3"
"362",947.323,4819.4337,"Hex(1)HexNAc(1)NeuAc(2)","H10N10F2S3",32929.9967,0.00326798269138329,"Hex(1)HexNAc(1)NeuAc(2) _ H10N10F2S3"
"363",1021.74,4819.4337,"Hex(2)HexNAc(2)NeuAc(1)","H10N10F2S3",33004.4137,0.000498326234235676,"Hex(2)HexNAc(2)NeuAc(1) _ H10N10F2S3"
"364",1063.363,4819.4337,"Hex(2)HexNAc(2)NeuAc(1) + Acetyl","H10N10F2S3",33046.0367,0.000233598072865634,"Hex(2)HexNAc(2)NeuAc(1) + Acetyl _ H10N10F2S3"
"365",1143.333,4819.4337,"Hex(2)HexNAc(2)NeuAc(1) + Acetyl + sulfation","H10N10F2S3",33126.0067,0.000208150622439982,"Hex(2)HexNAc(2)NeuAc(1) + Acetyl + sulfation _ H10N10F2S3"
"366",1167.423,4819.4337,"Hex(2)HexNAc(2)Fuc(1)NeuAc(1)","H10N10F2S3",33150.0967,0.000297998140049209,"Hex(2)HexNAc(2)Fuc(1)NeuAc(1) _ H10N10F2S3"
"367",1209.433,4819.4337,"Hex(2)HexNAc(2)Fuc(1)NeuAc(1) + Acetyl","H10N10F2S3",33192.1067,0.00011935645871911,"Hex(2)HexNAc(2)Fuc(1)NeuAc(1) + Acetyl _ H10N10F2S3"
"368",1312.453,4819.4337,"Hex(2)HexNAc(2)NeuAc(2)","H10N10F2S3",33295.1267,0.00142578767786433,"Hex(2)HexNAc(2)NeuAc(2) _ H10N10F2S3"
"369",656,1445.3502,"Hex(1)HexNAc(1)NeuAc(1)","H3N4F1",29264.5902,0.000230963101426948,"Hex(1)HexNAc(1)NeuAc(1) _ H3N4F1"
"370",947.323,1445.3502,"Hex(1)HexNAc(1)NeuAc(2)","H3N4F1",29555.9132,0.00162047095330775,"Hex(1)HexNAc(1)NeuAc(2) _ H3N4F1"
"371",1021.74,1445.3502,"Hex(2)HexNAc(2)NeuAc(1)","H3N4F1",29630.3302,0.000247101427427797,"Hex(2)HexNAc(2)NeuAc(1) _ H3N4F1"
"372",1063.363,1445.3502,"Hex(2)HexNAc(2)NeuAc(1) + Acetyl","H3N4F1",29671.9532,0.000115832587738461,"Hex(2)HexNAc(2)NeuAc(1) + Acetyl _ H3N4F1"
"373",1143.333,1445.3502,"Hex(2)HexNAc(2)NeuAc(1) + Acetyl + sulfation","H3N4F1",29751.9232,0.000103214144452566,"Hex(2)HexNAc(2)NeuAc(1) + Acetyl + sulfation _ H3N4F1"
"374",1167.423,1445.3502,"Hex(2)HexNAc(2)Fuc(1)NeuAc(1)","H3N4F1",29776.0132,0.000147766183512151,"Hex(2)HexNAc(2)Fuc(1)NeuAc(1) _ H3N4F1"
"375",1209.433,1445.3502,"Hex(2)HexNAc(2)Fuc(1)NeuAc(1) + Acetyl","H3N4F1",29818.0232,5.91844243710249e-05,"Hex(2)HexNAc(2)Fuc(1)NeuAc(1) + Acetyl _ H3N4F1"
"376",1312.453,1445.3502,"Hex(2)HexNAc(2)NeuAc(2)","H3N4F1",29921.0432,0.000706995028968552,"Hex(2)HexNAc(2)NeuAc(2) _ H3N4F1"
"377",656,1736.6081,"Hex(1)HexNAc(1)NeuAc(1)","H3N4F1S1",29555.8481,0.000230963101426948,"Hex(1)HexNAc(1)NeuAc(1) _ H3N4F1S1"
"378",947.323,1736.6081,"Hex(1)HexNAc(1)NeuAc(2)","H3N4F1S1",29847.1711,0.00162047095330775,"Hex(1)HexNAc(1)NeuAc(2) _ H3N4F1S1"
"379",1021.74,1736.6081,"Hex(2)HexNAc(2)NeuAc(1)","H3N4F1S1",29921.5881,0.000247101427427797,"Hex(2)HexNAc(2)NeuAc(1) _ H3N4F1S1"
"380",1063.363,1736.6081,"Hex(2)HexNAc(2)NeuAc(1) + Acetyl","H3N4F1S1",29963.2111,0.000115832587738461,"Hex(2)HexNAc(2)NeuAc(1) + Acetyl _ H3N4F1S1"
"381",1143.333,1736.6081,"Hex(2)HexNAc(2)NeuAc(1) + Acetyl + sulfation","H3N4F1S1",30043.1811,0.000103214144452566,"Hex(2)HexNAc(2)NeuAc(1) + Acetyl + sulfation _ H3N4F1S1"
"382",1167.423,1736.6081,"Hex(2)HexNAc(2)Fuc(1)NeuAc(1)","H3N4F1S1",30067.2711,0.000147766183512151,"Hex(2)HexNAc(2)Fuc(1)NeuAc(1) _ H3N4F1S1"
"383",1209.433,1736.6081,"Hex(2)HexNAc(2)Fuc(1)NeuAc(1) + Acetyl","H3N4F1S1",30109.2811,5.91844243710249e-05,"Hex(2)HexNAc(2)Fuc(1)NeuAc(1) + Acetyl _ H3N4F1S1"
"384",1312.453,1736.6081,"Hex(2)HexNAc(2)NeuAc(2)","H3N4F1S1",30212.3011,0.000706995028968552,"Hex(2)HexNAc(2)NeuAc(2) _ H3N4F1S1"
"385",656,1502.4022,"Hex(1)HexNAc(1)NeuAc(1)","H3N5",29321.6422,0.000230963101426948,"Hex(1)HexNAc(1)NeuAc(1) _ H3N5"
"386",947.323,1502.4022,"Hex(1)HexNAc(1)NeuAc(2)","H3N5",29612.9652,0.00162047095330775,"Hex(1)HexNAc(1)NeuAc(2) _ H3N5"
"387",1021.74,1502.4022,"Hex(2)HexNAc(2)NeuAc(1)","H3N5",29687.3822,0.000247101427427797,"Hex(2)HexNAc(2)NeuAc(1) _ H3N5"
"388",1063.363,1502.4022,"Hex(2)HexNAc(2)NeuAc(1) + Acetyl","H3N5",29729.0052,0.000115832587738461,"Hex(2)HexNAc(2)NeuAc(1) + Acetyl _ H3N5"
"389",1143.333,1502.4022,"Hex(2)HexNAc(2)NeuAc(1) + Acetyl + sulfation","H3N5",29808.9752,0.000103214144452566,"Hex(2)HexNAc(2)NeuAc(1) + Acetyl + sulfation _ H3N5"
"390",1167.423,1502.4022,"Hex(2)HexNAc(2)Fuc(1)NeuAc(1)","H3N5",29833.0652,0.000147766183512151,"Hex(2)HexNAc(2)Fuc(1)NeuAc(1) _ H3N5"
"391",1209.433,1502.4022,"Hex(2)HexNAc(2)Fuc(1)NeuAc(1) + Acetyl","H3N5",29875.0752,5.91844243710249e-05,"Hex(2)HexNAc(2)Fuc(1)NeuAc(1) + Acetyl _ H3N5"
"392",1312.453,1502.4022,"Hex(2)HexNAc(2)NeuAc(2)","H3N5",29978.0952,0.000706995028968552,"Hex(2)HexNAc(2)NeuAc(2) _ H3N5"
"393",656,1648.5452,"Hex(1)HexNAc(1)NeuAc(1)","H3N5F1",29467.7852,0.000230963101426948,"Hex(1)HexNAc(1)NeuAc(1) _ H3N5F1"
"394",947.323,1648.5452,"Hex(1)HexNAc(1)NeuAc(2)","H3N5F1",29759.1082,0.00162047095330775,"Hex(1)HexNAc(1)NeuAc(2) _ H3N5F1"
"395",1021.74,1648.5452,"Hex(2)HexNAc(2)NeuAc(1)","H3N5F1",29833.5252,0.000247101427427797,"Hex(2)HexNAc(2)NeuAc(1) _ H3N5F1"
"396",1063.363,1648.5452,"Hex(2)HexNAc(2)NeuAc(1) + Acetyl","H3N5F1",29875.1482,0.000115832587738461,"Hex(2)HexNAc(2)NeuAc(1) + Acetyl _ H3N5F1"
"397",1143.333,1648.5452,"Hex(2)HexNAc(2)NeuAc(1) + Acetyl + sulfation","H3N5F1",29955.1182,0.000103214144452566,"Hex(2)HexNAc(2)NeuAc(1) + Acetyl + sulfation _ H3N5F1"
"398",1167.423,1648.5452,"Hex(2)HexNAc(2)Fuc(1)NeuAc(1)","H3N5F1",29979.2082,0.000147766183512151,"Hex(2)HexNAc(2)Fuc(1)NeuAc(1) _ H3N5F1"
"399",1209.433,1648.5452,"Hex(2)HexNAc(2)Fuc(1)NeuAc(1) + Acetyl","H3N5F1",30021.2182,5.91844243710249e-05,"Hex(2)HexNAc(2)Fuc(1)NeuAc(1) + Acetyl _ H3N5F1"
"400",1312.453,1648.5452,"Hex(2)HexNAc(2)NeuAc(2)","H3N5F1",30124.2382,0.000706995028968552,"Hex(2)HexNAc(2)NeuAc(2) _ H3N5F1"
"401",656,1794.6882,"Hex(1)HexNAc(1)NeuAc(1)","H3N5F2",29613.9282,0.000230963101426948,"Hex(1)HexNAc(1)NeuAc(1) _ H3N5F2"
"402",947.323,1794.6882,"Hex(1)HexNAc(1)NeuAc(2)","H3N5F2",29905.2512,0.00162047095330775,"Hex(1)HexNAc(1)NeuAc(2) _ H3N5F2"
"403",1021.74,1794.6882,"Hex(2)HexNAc(2)NeuAc(1)","H3N5F2",29979.6682,0.000247101427427797,"Hex(2)HexNAc(2)NeuAc(1) _ H3N5F2"
"404",1063.363,1794.6882,"Hex(2)HexNAc(2)NeuAc(1) + Acetyl","H3N5F2",30021.2912,0.000115832587738461,"Hex(2)HexNAc(2)NeuAc(1) + Acetyl _ H3N5F2"
"405",1143.333,1794.6882,"Hex(2)HexNAc(2)NeuAc(1) + Acetyl + sulfation","H3N5F2",30101.2612,0.000103214144452566,"Hex(2)HexNAc(2)NeuAc(1) + Acetyl + sulfation _ H3N5F2"
"406",1167.423,1794.6882,"Hex(2)HexNAc(2)Fuc(1)NeuAc(1)","H3N5F2",30125.3512,0.000147766183512151,"Hex(2)HexNAc(2)Fuc(1)NeuAc(1) _ H3N5F2"
"407",1209.433,1794.6882,"Hex(2)HexNAc(2)Fuc(1)NeuAc(1) + Acetyl","H3N5F2",30167.3612,5.91844243710249e-05,"Hex(2)HexNAc(2)Fuc(1)NeuAc(1) + Acetyl _ H3N5F2"
"408",1312.453,1794.6882,"Hex(2)HexNAc(2)NeuAc(2)","H3N5F2",30270.3812,0.000706995028968552,"Hex(2)HexNAc(2)NeuAc(2) _ H3N5F2"
"409",656,1607.4926,"Hex(1)HexNAc(1)NeuAc(1)","H4N4F1",29426.7326,0.000230963101426948,"Hex(1)HexNAc(1)NeuAc(1) _ H4N4F1"
"410",947.323,1607.4926,"Hex(1)HexNAc(1)NeuAc(2)","H4N4F1",29718.0556,0.00162047095330775,"Hex(1)HexNAc(1)NeuAc(2) _ H4N4F1"
"411",1021.74,1607.4926,"Hex(2)HexNAc(2)NeuAc(1)","H4N4F1",29792.4726,0.000247101427427797,"Hex(2)HexNAc(2)NeuAc(1) _ H4N4F1"
"412",1063.363,1607.4926,"Hex(2)HexNAc(2)NeuAc(1) + Acetyl","H4N4F1",29834.0956,0.000115832587738461,"Hex(2)HexNAc(2)NeuAc(1) + Acetyl _ H4N4F1"
"413",1143.333,1607.4926,"Hex(2)HexNAc(2)NeuAc(1) + Acetyl + sulfation","H4N4F1",29914.0656,0.000103214144452566,"Hex(2)HexNAc(2)NeuAc(1) + Acetyl + sulfation _ H4N4F1"
"414",1167.423,1607.4926,"Hex(2)HexNAc(2)Fuc(1)NeuAc(1)","H4N4F1",29938.1556,0.000147766183512151,"Hex(2)HexNAc(2)Fuc(1)NeuAc(1) _ H4N4F1"
"415",1209.433,1607.4926,"Hex(2)HexNAc(2)Fuc(1)NeuAc(1) + Acetyl","H4N4F1",29980.1656,5.91844243710249e-05,"Hex(2)HexNAc(2)Fuc(1)NeuAc(1) + Acetyl _ H4N4F1"
"416",1312.453,1607.4926,"Hex(2)HexNAc(2)NeuAc(2)","H4N4F1",30083.1856,0.000706995028968552,"Hex(2)HexNAc(2)NeuAc(2) _ H4N4F1"
"417",656,1898.7505,"Hex(1)HexNAc(1)NeuAc(1)","H4N4F1S1",29717.9905,0.000230963101426948,"Hex(1)HexNAc(1)NeuAc(1) _ H4N4F1S1"
"418",947.323,1898.7505,"Hex(1)HexNAc(1)NeuAc(2)","H4N4F1S1",30009.3135,0.00162047095330775,"Hex(1)HexNAc(1)NeuAc(2) _ H4N4F1S1"
"419",1021.74,1898.7505,"Hex(2)HexNAc(2)NeuAc(1)","H4N4F1S1",30083.7305,0.000247101427427797,"Hex(2)HexNAc(2)NeuAc(1) _ H4N4F1S1"
"420",1063.363,1898.7505,"Hex(2)HexNAc(2)NeuAc(1) + Acetyl","H4N4F1S1",30125.3535,0.000115832587738461,"Hex(2)HexNAc(2)NeuAc(1) + Acetyl _ H4N4F1S1"
"421",1143.333,1898.7505,"Hex(2)HexNAc(2)NeuAc(1) + Acetyl + sulfation","H4N4F1S1",30205.3235,0.000103214144452566,"Hex(2)HexNAc(2)NeuAc(1) + Acetyl + sulfation _ H4N4F1S1"
"422",1167.423,1898.7505,"Hex(2)HexNAc(2)Fuc(1)NeuAc(1)","H4N4F1S1",30229.4135,0.000147766183512151,"Hex(2)HexNAc(2)Fuc(1)NeuAc(1) _ H4N4F1S1"
"423",1209.433,1898.7505,"Hex(2)HexNAc(2)Fuc(1)NeuAc(1) + Acetyl","H4N4F1S1",30271.4235,5.91844243710249e-05,"Hex(2)HexNAc(2)Fuc(1)NeuAc(1) + Acetyl _ H4N4F1S1"
"424",1312.453,1898.7505,"Hex(2)HexNAc(2)NeuAc(2)","H4N4F1S1",30374.4435,0.000706995028968552,"Hex(2)HexNAc(2)NeuAc(2) _ H4N4F1S1"
"425",656,1753.6356,"Hex(1)HexNAc(1)NeuAc(1)","H4N4F2",29572.8756,0.000230963101426948,"Hex(1)HexNAc(1)NeuAc(1) _ H4N4F2"
"426",947.323,1753.6356,"Hex(1)HexNAc(1)NeuAc(2)","H4N4F2",29864.1986,0.00162047095330775,"Hex(1)HexNAc(1)NeuAc(2) _ H4N4F2"
"427",1021.74,1753.6356,"Hex(2)HexNAc(2)NeuAc(1)","H4N4F2",29938.6156,0.000247101427427797,"Hex(2)HexNAc(2)NeuAc(1) _ H4N4F2"
"428",1063.363,1753.6356,"Hex(2)HexNAc(2)NeuAc(1) + Acetyl","H4N4F2",29980.2386,0.000115832587738461,"Hex(2)HexNAc(2)NeuAc(1) + Acetyl _ H4N4F2"
"429",1143.333,1753.6356,"Hex(2)HexNAc(2)NeuAc(1) + Acetyl + sulfation","H4N4F2",30060.2086,0.000103214144452566,"Hex(2)HexNAc(2)NeuAc(1) + Acetyl + sulfation _ H4N4F2"
"430",1167.423,1753.6356,"Hex(2)HexNAc(2)Fuc(1)NeuAc(1)","H4N4F2",30084.2986,0.000147766183512151,"Hex(2)HexNAc(2)Fuc(1)NeuAc(1) _ H4N4F2"
"431",1209.433,1753.6356,"Hex(2)HexNAc(2)Fuc(1)NeuAc(1) + Acetyl","H4N4F2",30126.3086,5.91844243710249e-05,"Hex(2)HexNAc(2)Fuc(1)NeuAc(1) + Acetyl _ H4N4F2"
"432",1312.453,1753.6356,"Hex(2)HexNAc(2)NeuAc(2)","H4N4F2",30229.3286,0.000706995028968552,"Hex(2)HexNAc(2)NeuAc(2) _ H4N4F2"
"433",656,1752.6075,"Hex(1)HexNAc(1)NeuAc(1)","H4N4S1",29571.8475,0.000230963101426948,"Hex(1)HexNAc(1)NeuAc(1) _ H4N4S1"
"434",947.323,1752.6075,"Hex(1)HexNAc(1)NeuAc(2)","H4N4S1",29863.1705,0.00162047095330775,"Hex(1)HexNAc(1)NeuAc(2) _ H4N4S1"
"435",1021.74,1752.6075,"Hex(2)HexNAc(2)NeuAc(1)","H4N4S1",29937.5875,0.000247101427427797,"Hex(2)HexNAc(2)NeuAc(1) _ H4N4S1"
"436",1063.363,1752.6075,"Hex(2)HexNAc(2)NeuAc(1) + Acetyl","H4N4S1",29979.2105,0.000115832587738461,"Hex(2)HexNAc(2)NeuAc(1) + Acetyl _ H4N4S1"
"437",1143.333,1752.6075,"Hex(2)HexNAc(2)NeuAc(1) + Acetyl + sulfation","H4N4S1",30059.1805,0.000103214144452566,"Hex(2)HexNAc(2)NeuAc(1) + Acetyl + sulfation _ H4N4S1"
"438",1167.423,1752.6075,"Hex(2)HexNAc(2)Fuc(1)NeuAc(1)","H4N4S1",30083.2705,0.000147766183512151,"Hex(2)HexNAc(2)Fuc(1)NeuAc(1) _ H4N4S1"
"439",1209.433,1752.6075,"Hex(2)HexNAc(2)Fuc(1)NeuAc(1) + Acetyl","H4N4S1",30125.2805,5.91844243710249e-05,"Hex(2)HexNAc(2)Fuc(1)NeuAc(1) + Acetyl _ H4N4S1"
"440",1312.453,1752.6075,"Hex(2)HexNAc(2)NeuAc(2)","H4N4S1",30228.3005,0.000706995028968552,"Hex(2)HexNAc(2)NeuAc(2) _ H4N4S1"
"441",656,1810.6876,"Hex(1)HexNAc(1)NeuAc(1)","H4N5F1",29629.9276,0.000230963101426948,"Hex(1)HexNAc(1)NeuAc(1) _ H4N5F1"
"442",947.323,1810.6876,"Hex(1)HexNAc(1)NeuAc(2)","H4N5F1",29921.2506,0.00162047095330775,"Hex(1)HexNAc(1)NeuAc(2) _ H4N5F1"
"443",1021.74,1810.6876,"Hex(2)HexNAc(2)NeuAc(1)","H4N5F1",29995.6676,0.000247101427427797,"Hex(2)HexNAc(2)NeuAc(1) _ H4N5F1"
"444",1063.363,1810.6876,"Hex(2)HexNAc(2)NeuAc(1) + Acetyl","H4N5F1",30037.2906,0.000115832587738461,"Hex(2)HexNAc(2)NeuAc(1) + Acetyl _ H4N5F1"
"445",1143.333,1810.6876,"Hex(2)HexNAc(2)NeuAc(1) + Acetyl + sulfation","H4N5F1",30117.2606,0.000103214144452566,"Hex(2)HexNAc(2)NeuAc(1) + Acetyl + sulfation _ H4N5F1"
"446",1167.423,1810.6876,"Hex(2)HexNAc(2)Fuc(1)NeuAc(1)","H4N5F1",30141.3506,0.000147766183512151,"Hex(2)HexNAc(2)Fuc(1)NeuAc(1) _ H4N5F1"
"447",1209.433,1810.6876,"Hex(2)HexNAc(2)Fuc(1)NeuAc(1) + Acetyl","H4N5F1",30183.3606,5.91844243710249e-05,"Hex(2)HexNAc(2)Fuc(1)NeuAc(1) + Acetyl _ H4N5F1"
"448",1312.453,1810.6876,"Hex(2)HexNAc(2)NeuAc(2)","H4N5F1",30286.3806,0.000706995028968552,"Hex(2)HexNAc(2)NeuAc(2) _ H4N5F1"
"449",656,1769.635,"Hex(1)HexNAc(1)NeuAc(1)","H5N4F1",29588.875,0.000230963101426948,"Hex(1)HexNAc(1)NeuAc(1) _ H5N4F1"
"450",947.323,1769.635,"Hex(1)HexNAc(1)NeuAc(2)","H5N4F1",29880.198,0.00162047095330775,"Hex(1)HexNAc(1)NeuAc(2) _ H5N4F1"
"451",1021.74,1769.635,"Hex(2)HexNAc(2)NeuAc(1)","H5N4F1",29954.615,0.000247101427427797,"Hex(2)HexNAc(2)NeuAc(1) _ H5N4F1"
"452",1063.363,1769.635,"Hex(2)HexNAc(2)NeuAc(1) + Acetyl","H5N4F1",29996.238,0.000115832587738461,"Hex(2)HexNAc(2)NeuAc(1) + Acetyl _ H5N4F1"
"453",1143.333,1769.635,"Hex(2)HexNAc(2)NeuAc(1) + Acetyl + sulfation","H5N4F1",30076.208,0.000103214144452566,"Hex(2)HexNAc(2)NeuAc(1) + Acetyl + sulfation _ H5N4F1"
"454",1167.423,1769.635,"Hex(2)HexNAc(2)Fuc(1)NeuAc(1)","H5N4F1",30100.298,0.000147766183512151,"Hex(2)HexNAc(2)Fuc(1)NeuAc(1) _ H5N4F1"
"455",1209.433,1769.635,"Hex(2)HexNAc(2)Fuc(1)NeuAc(1) + Acetyl","H5N4F1",30142.308,5.91844243710249e-05,"Hex(2)HexNAc(2)Fuc(1)NeuAc(1) + Acetyl _ H5N4F1"
"456",1312.453,1769.635,"Hex(2)HexNAc(2)NeuAc(2)","H5N4F1",30245.328,0.000706995028968552,"Hex(2)HexNAc(2)NeuAc(2) _ H5N4F1"
"457",656,1915.778,"Hex(1)HexNAc(1)NeuAc(1)","H5N4F2",29735.018,0.000230963101426948,"Hex(1)HexNAc(1)NeuAc(1) _ H5N4F2"
"458",947.323,1915.778,"Hex(1)HexNAc(1)NeuAc(2)","H5N4F2",30026.341,0.00162047095330775,"Hex(1)HexNAc(1)NeuAc(2) _ H5N4F2"
"459",1021.74,1915.778,"Hex(2)HexNAc(2)NeuAc(1)","H5N4F2",30100.758,0.000247101427427797,"Hex(2)HexNAc(2)NeuAc(1) _ H5N4F2"
"460",1063.363,1915.778,"Hex(2)HexNAc(2)NeuAc(1) + Acetyl","H5N4F2",30142.381,0.000115832587738461,"Hex(2)HexNAc(2)NeuAc(1) + Acetyl _ H5N4F2"
"461",1143.333,1915.778,"Hex(2)HexNAc(2)NeuAc(1) + Acetyl + sulfation","H5N4F2",30222.351,0.000103214144452566,"Hex(2)HexNAc(2)NeuAc(1) + Acetyl + sulfation _ H5N4F2"
"462",1167.423,1915.778,"Hex(2)HexNAc(2)Fuc(1)NeuAc(1)","H5N4F2",30246.441,0.000147766183512151,"Hex(2)HexNAc(2)Fuc(1)NeuAc(1) _ H5N4F2"
"463",1209.433,1915.778,"Hex(2)HexNAc(2)Fuc(1)NeuAc(1) + Acetyl","H5N4F2",30288.451,5.91844243710249e-05,"Hex(2)HexNAc(2)Fuc(1)NeuAc(1) + Acetyl _ H5N4F2"
"464",1312.453,1915.778,"Hex(2)HexNAc(2)NeuAc(2)","H5N4F2",30391.471,0.000706995028968552,"Hex(2)HexNAc(2)NeuAc(2) _ H5N4F2"
"465",656,2101.9455,"Hex(1)HexNAc(1)NeuAc(1)","H4N5F1S1",29921.1855,0.000230963101426948,"Hex(1)HexNAc(1)NeuAc(1) _ H4N5F1S1"
"466",947.323,2101.9455,"Hex(1)HexNAc(1)NeuAc(2)","H4N5F1S1",30212.5085,0.00162047095330775,"Hex(1)HexNAc(1)NeuAc(2) _ H4N5F1S1"
"467",1021.74,2101.9455,"Hex(2)HexNAc(2)NeuAc(1)","H4N5F1S1",30286.9255,0.000247101427427797,"Hex(2)HexNAc(2)NeuAc(1) _ H4N5F1S1"
"468",1063.363,2101.9455,"Hex(2)HexNAc(2)NeuAc(1) + Acetyl","H4N5F1S1",30328.5485,0.000115832587738461,"Hex(2)HexNAc(2)NeuAc(1) + Acetyl _ H4N5F1S1"
"469",1143.333,2101.9455,"Hex(2)HexNAc(2)NeuAc(1) + Acetyl + sulfation","H4N5F1S1",30408.5185,0.000103214144452566,"Hex(2)HexNAc(2)NeuAc(1) + Acetyl + sulfation _ H4N5F1S1"
"470",1167.423,2101.9455,"Hex(2)HexNAc(2)Fuc(1)NeuAc(1)","H4N5F1S1",30432.6085,0.000147766183512151,"Hex(2)HexNAc(2)Fuc(1)NeuAc(1) _ H4N5F1S1"
"471",1209.433,2101.9455,"Hex(2)HexNAc(2)Fuc(1)NeuAc(1) + Acetyl","H4N5F1S1",30474.6185,5.91844243710249e-05,"Hex(2)HexNAc(2)Fuc(1)NeuAc(1) + Acetyl _ H4N5F1S1"
"472",1312.453,2101.9455,"Hex(2)HexNAc(2)NeuAc(2)","H4N5F1S1",30577.6385,0.000706995028968552,"Hex(2)HexNAc(2)NeuAc(2) _ H4N5F1S1"
"473",656,1956.8306,"Hex(1)HexNAc(1)NeuAc(1)","H4N5F2",29776.0706,0.000230963101426948,"Hex(1)HexNAc(1)NeuAc(1) _ H4N5F2"
"474",947.323,1956.8306,"Hex(1)HexNAc(1)NeuAc(2)","H4N5F2",30067.3936,0.00162047095330775,"Hex(1)HexNAc(1)NeuAc(2) _ H4N5F2"
"475",1021.74,1956.8306,"Hex(2)HexNAc(2)NeuAc(1)","H4N5F2",30141.8106,0.000247101427427797,"Hex(2)HexNAc(2)NeuAc(1) _ H4N5F2"
"476",1063.363,1956.8306,"Hex(2)HexNAc(2)NeuAc(1) + Acetyl","H4N5F2",30183.4336,0.000115832587738461,"Hex(2)HexNAc(2)NeuAc(1) + Acetyl _ H4N5F2"
"477",1143.333,1956.8306,"Hex(2)HexNAc(2)NeuAc(1) + Acetyl + sulfation","H4N5F2",30263.4036,0.000103214144452566,"Hex(2)HexNAc(2)NeuAc(1) + Acetyl + sulfation _ H4N5F2"
"478",1167.423,1956.8306,"Hex(2)HexNAc(2)Fuc(1)NeuAc(1)","H4N5F2",30287.4936,0.000147766183512151,"Hex(2)HexNAc(2)Fuc(1)NeuAc(1) _ H4N5F2"
"479",1209.433,1956.8306,"Hex(2)HexNAc(2)Fuc(1)NeuAc(1) + Acetyl","H4N5F2",30329.5036,5.91844243710249e-05,"Hex(2)HexNAc(2)Fuc(1)NeuAc(1) + Acetyl _ H4N5F2"
"480",1312.453,1956.8306,"Hex(2)HexNAc(2)NeuAc(2)","H4N5F2",30432.5236,0.000706995028968552,"Hex(2)HexNAc(2)NeuAc(2) _ H4N5F2"
"481",656,2060.8929,"Hex(1)HexNAc(1)NeuAc(1)","H5N4F1S1",29880.1329,0.000230963101426948,"Hex(1)HexNAc(1)NeuAc(1) _ H5N4F1S1"
"482",947.323,2060.8929,"Hex(1)HexNAc(1)NeuAc(2)","H5N4F1S1",30171.4559,0.00162047095330775,"Hex(1)HexNAc(1)NeuAc(2) _ H5N4F1S1"
"483",1021.74,2060.8929,"Hex(2)HexNAc(2)NeuAc(1)","H5N4F1S1",30245.8729,0.000247101427427797,"Hex(2)HexNAc(2)NeuAc(1) _ H5N4F1S1"
"484",1063.363,2060.8929,"Hex(2)HexNAc(2)NeuAc(1) + Acetyl","H5N4F1S1",30287.4959,0.000115832587738461,"Hex(2)HexNAc(2)NeuAc(1) + Acetyl _ H5N4F1S1"
"485",1143.333,2060.8929,"Hex(2)HexNAc(2)NeuAc(1) + Acetyl + sulfation","H5N4F1S1",30367.4659,0.000103214144452566,"Hex(2)HexNAc(2)NeuAc(1) + Acetyl + sulfation _ H5N4F1S1"
"486",1167.423,2060.8929,"Hex(2)HexNAc(2)Fuc(1)NeuAc(1)","H5N4F1S1",30391.5559,0.000147766183512151,"Hex(2)HexNAc(2)Fuc(1)NeuAc(1) _ H5N4F1S1"
"487",1209.433,2060.8929,"Hex(2)HexNAc(2)Fuc(1)NeuAc(1) + Acetyl","H5N4F1S1",30433.5659,5.91844243710249e-05,"Hex(2)HexNAc(2)Fuc(1)NeuAc(1) + Acetyl _ H5N4F1S1"
"488",1312.453,2060.8929,"Hex(2)HexNAc(2)NeuAc(2)","H5N4F1S1",30536.5859,0.000706995028968552,"Hex(2)HexNAc(2)NeuAc(2) _ H5N4F1S1"
"489",656,1914.7499,"Hex(1)HexNAc(1)NeuAc(1)","H5N4S1",29733.9899,0.000230963101426948,"Hex(1)HexNAc(1)NeuAc(1) _ H5N4S1"
"490",947.323,1914.7499,"Hex(1)HexNAc(1)NeuAc(2)","H5N4S1",30025.3129,0.00162047095330775,"Hex(1)HexNAc(1)NeuAc(2) _ H5N4S1"
"491",1021.74,1914.7499,"Hex(2)HexNAc(2)NeuAc(1)","H5N4S1",30099.7299,0.000247101427427797,"Hex(2)HexNAc(2)NeuAc(1) _ H5N4S1"
"492",1063.363,1914.7499,"Hex(2)HexNAc(2)NeuAc(1) + Acetyl","H5N4S1",30141.3529,0.000115832587738461,"Hex(2)HexNAc(2)NeuAc(1) + Acetyl _ H5N4S1"
"493",1143.333,1914.7499,"Hex(2)HexNAc(2)NeuAc(1) + Acetyl + sulfation","H5N4S1",30221.3229,0.000103214144452566,"Hex(2)HexNAc(2)NeuAc(1) + Acetyl + sulfation _ H5N4S1"
"494",1167.423,1914.7499,"Hex(2)HexNAc(2)Fuc(1)NeuAc(1)","H5N4S1",30245.4129,0.000147766183512151,"Hex(2)HexNAc(2)Fuc(1)NeuAc(1) _ H5N4S1"
"495",1209.433,1914.7499,"Hex(2)HexNAc(2)Fuc(1)NeuAc(1) + Acetyl","H5N4S1",30287.4229,5.91844243710249e-05,"Hex(2)HexNAc(2)Fuc(1)NeuAc(1) + Acetyl _ H5N4S1"
"496",1312.453,1914.7499,"Hex(2)HexNAc(2)NeuAc(2)","H5N4S1",30390.4429,0.000706995028968552,"Hex(2)HexNAc(2)NeuAc(2) _ H5N4S1"
"497",656,1972.83,"Hex(1)HexNAc(1)NeuAc(1)","H5N5F1",29792.07,0.000230963101426948,"Hex(1)HexNAc(1)NeuAc(1) _ H5N5F1"
"498",947.323,1972.83,"Hex(1)HexNAc(1)NeuAc(2)","H5N5F1",30083.393,0.00162047095330775,"Hex(1)HexNAc(1)NeuAc(2) _ H5N5F1"
"499",1021.74,1972.83,"Hex(2)HexNAc(2)NeuAc(1)","H5N5F1",30157.81,0.000247101427427797,"Hex(2)HexNAc(2)NeuAc(1) _ H5N5F1"
"500",1063.363,1972.83,"Hex(2)HexNAc(2)NeuAc(1) + Acetyl","H5N5F1",30199.433,0.000115832587738461,"Hex(2)HexNAc(2)NeuAc(1) + Acetyl _ H5N5F1"
"501",1143.333,1972.83,"Hex(2)HexNAc(2)NeuAc(1) + Acetyl + sulfation","H5N5F1",30279.403,0.000103214144452566,"Hex(2)HexNAc(2)NeuAc(1) + Acetyl + sulfation _ H5N5F1"
"502",1167.423,1972.83,"Hex(2)HexNAc(2)Fuc(1)NeuAc(1)","H5N5F1",30303.493,0.000147766183512151,"Hex(2)HexNAc(2)Fuc(1)NeuAc(1) _ H5N5F1"
"503",1209.433,1972.83,"Hex(2)HexNAc(2)Fuc(1)NeuAc(1) + Acetyl","H5N5F1",30345.503,5.91844243710249e-05,"Hex(2)HexNAc(2)Fuc(1)NeuAc(1) + Acetyl _ H5N5F1"
"504",1312.453,1972.83,"Hex(2)HexNAc(2)NeuAc(2)","H5N5F1",30448.523,0.000706995028968552,"Hex(2)HexNAc(2)NeuAc(2) _ H5N5F1"
"505",656,2264.0879,"Hex(1)HexNAc(1)NeuAc(1)","H5N5F1S1",30083.3279,0.000230963101426948,"Hex(1)HexNAc(1)NeuAc(1) _ H5N5F1S1"
"506",947.323,2264.0879,"Hex(1)HexNAc(1)NeuAc(2)","H5N5F1S1",30374.6509,0.00162047095330775,"Hex(1)HexNAc(1)NeuAc(2) _ H5N5F1S1"
"507",1021.74,2264.0879,"Hex(2)HexNAc(2)NeuAc(1)","H5N5F1S1",30449.0679,0.000247101427427797,"Hex(2)HexNAc(2)NeuAc(1) _ H5N5F1S1"
"508",1063.363,2264.0879,"Hex(2)HexNAc(2)NeuAc(1) + Acetyl","H5N5F1S1",30490.6909,0.000115832587738461,"Hex(2)HexNAc(2)NeuAc(1) + Acetyl _ H5N5F1S1"
"509",1143.333,2264.0879,"Hex(2)HexNAc(2)NeuAc(1) + Acetyl + sulfation","H5N5F1S1",30570.6609,0.000103214144452566,"Hex(2)HexNAc(2)NeuAc(1) + Acetyl + sulfation _ H5N5F1S1"
"510",1167.423,2264.0879,"Hex(2)HexNAc(2)Fuc(1)NeuAc(1)","H5N5F1S1",30594.7509,0.000147766183512151,"Hex(2)HexNAc(2)Fuc(1)NeuAc(1) _ H5N5F1S1"
"511",1209.433,2264.0879,"Hex(2)HexNAc(2)Fuc(1)NeuAc(1) + Acetyl","H5N5F1S1",30636.7609,5.91844243710249e-05,"Hex(2)HexNAc(2)Fuc(1)NeuAc(1) + Acetyl _ H5N5F1S1"
"512",1312.453,2264.0879,"Hex(2)HexNAc(2)NeuAc(2)","H5N5F1S1",30739.7809,0.000706995028968552,"Hex(2)HexNAc(2)NeuAc(2) _ H5N5F1S1"
"513",656,2118.973,"Hex(1)HexNAc(1)NeuAc(1)","H5N5F2",29938.213,0.000230963101426948,"Hex(1)HexNAc(1)NeuAc(1) _ H5N5F2"
"514",947.323,2118.973,"Hex(1)HexNAc(1)NeuAc(2)","H5N5F2",30229.536,0.00162047095330775,"Hex(1)HexNAc(1)NeuAc(2) _ H5N5F2"
"515",1021.74,2118.973,"Hex(2)HexNAc(2)NeuAc(1)","H5N5F2",30303.953,0.000247101427427797,"Hex(2)HexNAc(2)NeuAc(1) _ H5N5F2"
"516",1063.363,2118.973,"Hex(2)HexNAc(2)NeuAc(1) + Acetyl","H5N5F2",30345.576,0.000115832587738461,"Hex(2)HexNAc(2)NeuAc(1) + Acetyl _ H5N5F2"
"517",1143.333,2118.973,"Hex(2)HexNAc(2)NeuAc(1) + Acetyl + sulfation","H5N5F2",30425.546,0.000103214144452566,"Hex(2)HexNAc(2)NeuAc(1) + Acetyl + sulfation _ H5N5F2"
"518",1167.423,2118.973,"Hex(2)HexNAc(2)Fuc(1)NeuAc(1)","H5N5F2",30449.636,0.000147766183512151,"Hex(2)HexNAc(2)Fuc(1)NeuAc(1) _ H5N5F2"
"519",1209.433,2118.973,"Hex(2)HexNAc(2)Fuc(1)NeuAc(1) + Acetyl","H5N5F2",30491.646,5.91844243710249e-05,"Hex(2)HexNAc(2)Fuc(1)NeuAc(1) + Acetyl _ H5N5F2"
"520",1312.453,2118.973,"Hex(2)HexNAc(2)NeuAc(2)","H5N5F2",30594.666,0.000706995028968552,"Hex(2)HexNAc(2)NeuAc(2) _ H5N5F2"
"521",656,2144.0262,"Hex(1)HexNAc(1)NeuAc(1)","H3N6F3",29963.2662,0.000230963101426948,"Hex(1)HexNAc(1)NeuAc(1) _ H3N6F3"
"522",947.323,2144.0262,"Hex(1)HexNAc(1)NeuAc(2)","H3N6F3",30254.5892,0.00162047095330775,"Hex(1)HexNAc(1)NeuAc(2) _ H3N6F3"
"523",1021.74,2144.0262,"Hex(2)HexNAc(2)NeuAc(1)","H3N6F3",30329.0062,0.000247101427427797,"Hex(2)HexNAc(2)NeuAc(1) _ H3N6F3"
"524",1063.363,2144.0262,"Hex(2)HexNAc(2)NeuAc(1) + Acetyl","H3N6F3",30370.6292,0.000115832587738461,"Hex(2)HexNAc(2)NeuAc(1) + Acetyl _ H3N6F3"
"525",1143.333,2144.0262,"Hex(2)HexNAc(2)NeuAc(1) + Acetyl + sulfation","H3N6F3",30450.5992,0.000103214144452566,"Hex(2)HexNAc(2)NeuAc(1) + Acetyl + sulfation _ H3N6F3"
"526",1167.423,2144.0262,"Hex(2)HexNAc(2)Fuc(1)NeuAc(1)","H3N6F3",30474.6892,0.000147766183512151,"Hex(2)HexNAc(2)Fuc(1)NeuAc(1) _ H3N6F3"
"527",1209.433,2144.0262,"Hex(2)HexNAc(2)Fuc(1)NeuAc(1) + Acetyl","H3N6F3",30516.6992,5.91844243710249e-05,"Hex(2)HexNAc(2)Fuc(1)NeuAc(1) + Acetyl _ H3N6F3"
"528",1312.453,2144.0262,"Hex(2)HexNAc(2)NeuAc(2)","H3N6F3",30619.7192,0.000706995028968552,"Hex(2)HexNAc(2)NeuAc(2) _ H3N6F3"
"529",656,2352.1508,"Hex(1)HexNAc(1)NeuAc(1)","H5N4F1S2",30171.3908,0.000230963101426948,"Hex(1)HexNAc(1)NeuAc(1) _ H5N4F1S2"
"530",947.323,2352.1508,"Hex(1)HexNAc(1)NeuAc(2)","H5N4F1S2",30462.7138,0.00162047095330775,"Hex(1)HexNAc(1)NeuAc(2) _ H5N4F1S2"
"531",1021.74,2352.1508,"Hex(2)HexNAc(2)NeuAc(1)","H5N4F1S2",30537.1308,0.000247101427427797,"Hex(2)HexNAc(2)NeuAc(1) _ H5N4F1S2"
"532",1063.363,2352.1508,"Hex(2)HexNAc(2)NeuAc(1) + Acetyl","H5N4F1S2",30578.7538,0.000115832587738461,"Hex(2)HexNAc(2)NeuAc(1) + Acetyl _ H5N4F1S2"
"533",1143.333,2352.1508,"Hex(2)HexNAc(2)NeuAc(1) + Acetyl + sulfation","H5N4F1S2",30658.7238,0.000103214144452566,"Hex(2)HexNAc(2)NeuAc(1) + Acetyl + sulfation _ H5N4F1S2"
"534",1167.423,2352.1508,"Hex(2)HexNAc(2)Fuc(1)NeuAc(1)","H5N4F1S2",30682.8138,0.000147766183512151,"Hex(2)HexNAc(2)Fuc(1)NeuAc(1) _ H5N4F1S2"
"535",1209.433,2352.1508,"Hex(2)HexNAc(2)Fuc(1)NeuAc(1) + Acetyl","H5N4F1S2",30724.8238,5.91844243710249e-05,"Hex(2)HexNAc(2)Fuc(1)NeuAc(1) + Acetyl _ H5N4F1S2"
"536",1312.453,2352.1508,"Hex(2)HexNAc(2)NeuAc(2)","H5N4F1S2",30827.8438,0.000706995028968552,"Hex(2)HexNAc(2)NeuAc(2) _ H5N4F1S2"
"537",656,2393.2034,"Hex(1)HexNAc(1)NeuAc(1)","H4N5F1S2",30212.4434,0.000230963101426948,"Hex(1)HexNAc(1)NeuAc(1) _ H4N5F1S2"
"538",947.323,2393.2034,"Hex(1)HexNAc(1)NeuAc(2)","H4N5F1S2",30503.7664,0.00162047095330775,"Hex(1)HexNAc(1)NeuAc(2) _ H4N5F1S2"
"539",1021.74,2393.2034,"Hex(2)HexNAc(2)NeuAc(1)","H4N5F1S2",30578.1834,0.000247101427427797,"Hex(2)HexNAc(2)NeuAc(1) _ H4N5F1S2"
"540",1063.363,2393.2034,"Hex(2)HexNAc(2)NeuAc(1) + Acetyl","H4N5F1S2",30619.8064,0.000115832587738461,"Hex(2)HexNAc(2)NeuAc(1) + Acetyl _ H4N5F1S2"
"541",1143.333,2393.2034,"Hex(2)HexNAc(2)NeuAc(1) + Acetyl + sulfation","H4N5F1S2",30699.7764,0.000103214144452566,"Hex(2)HexNAc(2)NeuAc(1) + Acetyl + sulfation _ H4N5F1S2"
"542",1167.423,2393.2034,"Hex(2)HexNAc(2)Fuc(1)NeuAc(1)","H4N5F1S2",30723.8664,0.000147766183512151,"Hex(2)HexNAc(2)Fuc(1)NeuAc(1) _ H4N5F1S2"
"543",1209.433,2393.2034,"Hex(2)HexNAc(2)Fuc(1)NeuAc(1) + Acetyl","H4N5F1S2",30765.8764,5.91844243710249e-05,"Hex(2)HexNAc(2)Fuc(1)NeuAc(1) + Acetyl _ H4N5F1S2"
"544",1312.453,2393.2034,"Hex(2)HexNAc(2)NeuAc(2)","H4N5F1S2",30868.8964,0.000706995028968552,"Hex(2)HexNAc(2)NeuAc(2) _ H4N5F1S2"
"545",656,2409.2028,"Hex(1)HexNAc(1)NeuAc(1)","H5N5S2",30228.4428,0.000230963101426948,"Hex(1)HexNAc(1)NeuAc(1) _ H5N5S2"
"546",947.323,2409.2028,"Hex(1)HexNAc(1)NeuAc(2)","H5N5S2",30519.7658,0.00162047095330775,"Hex(1)HexNAc(1)NeuAc(2) _ H5N5S2"
"547",1021.74,2409.2028,"Hex(2)HexNAc(2)NeuAc(1)","H5N5S2",30594.1828,0.000247101427427797,"Hex(2)HexNAc(2)NeuAc(1) _ H5N5S2"
"548",1063.363,2409.2028,"Hex(2)HexNAc(2)NeuAc(1) + Acetyl","H5N5S2",30635.8058,0.000115832587738461,"Hex(2)HexNAc(2)NeuAc(1) + Acetyl _ H5N5S2"
"549",1143.333,2409.2028,"Hex(2)HexNAc(2)NeuAc(1) + Acetyl + sulfation","H5N5S2",30715.7758,0.000103214144452566,"Hex(2)HexNAc(2)NeuAc(1) + Acetyl + sulfation _ H5N5S2"
"550",1167.423,2409.2028,"Hex(2)HexNAc(2)Fuc(1)NeuAc(1)","H5N5S2",30739.8658,0.000147766183512151,"Hex(2)HexNAc(2)Fuc(1)NeuAc(1) _ H5N5S2"
"551",1209.433,2409.2028,"Hex(2)HexNAc(2)Fuc(1)NeuAc(1) + Acetyl","H5N5S2",30781.8758,5.91844243710249e-05,"Hex(2)HexNAc(2)Fuc(1)NeuAc(1) + Acetyl _ H5N5S2"
"552",1312.453,2409.2028,"Hex(2)HexNAc(2)NeuAc(2)","H5N5S2",30884.8958,0.000706995028968552,"Hex(2)HexNAc(2)NeuAc(2) _ H5N5S2"
"553",656,2450.2554,"Hex(1)HexNAc(1)NeuAc(1)","H4N6S2",30269.4954,0.000230963101426948,"Hex(1)HexNAc(1)NeuAc(1) _ H4N6S2"
"554",947.323,2450.2554,"Hex(1)HexNAc(1)NeuAc(2)","H4N6S2",30560.8184,0.00162047095330775,"Hex(1)HexNAc(1)NeuAc(2) _ H4N6S2"
"555",1021.74,2450.2554,"Hex(2)HexNAc(2)NeuAc(1)","H4N6S2",30635.2354,0.000247101427427797,"Hex(2)HexNAc(2)NeuAc(1) _ H4N6S2"
"556",1063.363,2450.2554,"Hex(2)HexNAc(2)NeuAc(1) + Acetyl","H4N6S2",30676.8584,0.000115832587738461,"Hex(2)HexNAc(2)NeuAc(1) + Acetyl _ H4N6S2"
"557",1143.333,2450.2554,"Hex(2)HexNAc(2)NeuAc(1) + Acetyl + sulfation","H4N6S2",30756.8284,0.000103214144452566,"Hex(2)HexNAc(2)NeuAc(1) + Acetyl + sulfation _ H4N6S2"
"558",1167.423,2450.2554,"Hex(2)HexNAc(2)Fuc(1)NeuAc(1)","H4N6S2",30780.9184,0.000147766183512151,"Hex(2)HexNAc(2)Fuc(1)NeuAc(1) _ H4N6S2"
"559",1209.433,2450.2554,"Hex(2)HexNAc(2)Fuc(1)NeuAc(1) + Acetyl","H4N6S2",30822.9284,5.91844243710249e-05,"Hex(2)HexNAc(2)Fuc(1)NeuAc(1) + Acetyl _ H4N6S2"
"560",1312.453,2450.2554,"Hex(2)HexNAc(2)NeuAc(2)","H4N6S2",30925.9484,0.000706995028968552,"Hex(2)HexNAc(2)NeuAc(2) _ H4N6S2"
"561",656,2555.3458,"Hex(1)HexNAc(1)NeuAc(1)","H5N5F1S2",30374.5858,0.000230963101426948,"Hex(1)HexNAc(1)NeuAc(1) _ H5N5F1S2"
"562",947.323,2555.3458,"Hex(1)HexNAc(1)NeuAc(2)","H5N5F1S2",30665.9088,0.00162047095330775,"Hex(1)HexNAc(1)NeuAc(2) _ H5N5F1S2"
"563",1021.74,2555.3458,"Hex(2)HexNAc(2)NeuAc(1)","H5N5F1S2",30740.3258,0.000247101427427797,"Hex(2)HexNAc(2)NeuAc(1) _ H5N5F1S2"
"564",1063.363,2555.3458,"Hex(2)HexNAc(2)NeuAc(1) + Acetyl","H5N5F1S2",30781.9488,0.000115832587738461,"Hex(2)HexNAc(2)NeuAc(1) + Acetyl _ H5N5F1S2"
"565",1143.333,2555.3458,"Hex(2)HexNAc(2)NeuAc(1) + Acetyl + sulfation","H5N5F1S2",30861.9188,0.000103214144452566,"Hex(2)HexNAc(2)NeuAc(1) + Acetyl + sulfation _ H5N5F1S2"
"566",1167.423,2555.3458,"Hex(2)HexNAc(2)Fuc(1)NeuAc(1)","H5N5F1S2",30886.0088,0.000147766183512151,"Hex(2)HexNAc(2)Fuc(1)NeuAc(1) _ H5N5F1S2"
"567",1209.433,2555.3458,"Hex(2)HexNAc(2)Fuc(1)NeuAc(1) + Acetyl","H5N5F1S2",30928.0188,5.91844243710249e-05,"Hex(2)HexNAc(2)Fuc(1)NeuAc(1) + Acetyl _ H5N5F1S2"
"568",1312.453,2555.3458,"Hex(2)HexNAc(2)NeuAc(2)","H5N5F1S2",31031.0388,0.000706995028968552,"Hex(2)HexNAc(2)NeuAc(2) _ H5N5F1S2"
