,Sample name,20210304_CE_45min_RayN331Q_unreduced_AA_1,20210304_CE_45min_RayN331Q_unreduced_AA_1,20210304_CE_45min_RayN331Q_unreduced_AA_1,20210304_CE_45min_RayN331Q_unreduced_AA_1,20210304_CE_45min_RayN331Q_unreduced_AA_1,20210304_CE_45min_RayN331Q_unreduced_AA_1,20210304_CE_45min_RayN331Q_unreduced_AA_1,20210304_CE_45min_RayN331Q_unreduced_AA_1,20210304_CE_45min_RayN331Q_unreduced_AA_1,20210304_CE_45min_RayN331Q_unreduced_AA_1,20210304_CE_45min_RayN331Q_unreduced_AA_1,20210304_CE_45min_RayN331Q_unreduced_AA_1,20210304_CE_45min_RayN331Q_unreduced_AA_2,20210304_CE_45min_RayN331Q_unreduced_AA_2,20210304_CE_45min_RayN331Q_unreduced_AA_2,20210304_CE_45min_RayN331Q_unreduced_AA_2,20210304_CE_45min_RayN331Q_unreduced_AA_2,20210304_CE_45min_RayN331Q_unreduced_AA_2,20210304_CE_45min_RayN331Q_unreduced_AA_2,20210304_CE_45min_RayN331Q_unreduced_AA_2,20210304_CE_45min_RayN331Q_unreduced_AA_2,20210304_CE_45min_RayN331Q_unreduced_AA_2,20210304_CE_45min_RayN331Q_unreduced_AA_3,20210304_CE_45min_RayN331Q_unreduced_AA_3,20210304_CE_45min_RayN331Q_unreduced_AA_3,20210304_CE_45min_RayN331Q_unreduced_AA_3,20210304_CE_45min_RayN331Q_unreduced_AA_3,20210304_CE_45min_RayN331Q_unreduced_AA_3,20210304_CE_45min_RayN331Q_unreduced_AA_3,20210304_CE_45min_RayN331Q_unreduced_AA_3,20210304_CE_45min_RayN331Q_unreduced_AA_3
,Peak #,1,2,3,4,5,6,7,8,9,10,11,12,13,14,15,16,17,18,19,20,21,22,23,24,25,26,27,28,29,30,31
Name,
31756,,,,,,,,,,,,27995.5,,,,,,,,,,,,,,,,,,,,
31647,,,,,,,100919,100919,,,,,,,,,,,,,,,,,,,,,,,,
31641,,,,,,,,,,,,,,,,,,,,,,,,,,,103368,,,,,
31479,,,,,,,,,,,,,29366.4,,,,,,,,,,,,,,,,,,,
31475,,,,,,,,,,,,,,,,,,,,,21654.4,,,,,,,,,,,
31440,,,,,,,,,,,,,,,,,,,,,,,34841.7,,,,,,,,,
31420,,,,,,,,,,,,,,,,,,,,,,,,,,,,,,,,44340
31418,,,,,,,,,,,,,,,,,,,,,,,38944.1,,,,,,,,,
31399,,,,,,,,,,,,,,,,,,,,,,,,,,,133114,,,,,
31381,,,,,,,,,,,,,,,,,,,,,,,,,,,,,,,47005.7,
31380,,,,,,,,,,,,,,,,,,,,,,74487.9,29492.5,,,,,,,,,
31379,,,,,,,,,,,,44528.4,,,,,,,,,,,,,,,,,,,,62499
31378,,,,,,,,,,,76962.2,,,,,,,,,,,,,,,,,,,,,
31374,,,,,,,,,,,,,41454.5,,,,,,,,,,,,,,,,,,,
31368,,,,,,,,,,,,,,193274,,,,,,,,,,,,,,,,,,
31357,,,,,,,,,,,,,,,,,,,,,,,,,,,,67307.5,,,,
31344,,,187725,,,,,,,,,,,,,,,,,,,,,,,,,,,,,
31316,,,,,,,,,,,,,,,,,,,,,29592,,,,,,,,,,,
31310,,,,,,,,,,,,,,,,,,,,68175.8,,,,,,,,,,,,
31308,,,,,,,,,,,,,,,,,,,,,,,44798.1,,,,,,,,,
31282,,,,,,,,,,,86035.6,,,,,,,,,74852.4,,,,,,,,,,,,122882
31281,,,,,,,,,,,,,,,,,,,,,84723.1,,70881.6,,,,,,,,,
31280,,,,,,,,,,,,,,,,,,,,,,82272.4,,,,,,,,123142,70835.4,
31276,,,,,,,,,,,,59801.3,,,,,,,,,,,,,,,,,,,,
31252,,,,,,,,,,,,28482.7,,,,,,,,,,,,,,,,,,,,
31246,,,,,,,,,45961,,,,,,,,,,,,,,,,,,,,,,,
31240,,,,,,,,,,,,,,,,,,,,76555.6,,,,,,,,,,,,
31237,,,,,,,,,,,,,,,,,,,,,,,27846.1,,,,,,,,,
31229,,,,,,,,,,35752.3,,,,,,,,,,,,,,,,,,,,,,
31227,,,,,,,57465.8,57465.8,,,,,,,,,,,,,,,,,,,,,,,,
31226,,,,,,,,,,,,,,,,,,,,,,,,,,,,,,,,39187.6
31220,,,,,,,,,,,,,,,,,,,54973,,,,,,,,,,,,,
31215,,,,,,,,,,,,,,,,,,,,,,,,,,,,,,50692.1,,
31213,,,,,,,,,,,,,51980.1,,,,,,,,,,,,,,,,,,,
31212,,,,,,,,,,,,,,,,,,,,,62197.8,,,,,,,,,,,
31210,,,,,,,,,,,,,,,,,,,,93383.5,,,,,,,,,,,,
31208,,,,,,,,,,,,,,,,,,,,,,,39576.4,,,,,,,,,
31204,,,,,,,,,64286.4,,,,,,,,,,,,,,,,,,,,61367,,,
31196,,,,,,,,,,,61601.3,,,,,,,,,,,,,,,,,,,,,
31194,,,,,,,,,,,,,42312.3,,,,,,,,,,,,,,,,,,,
31191,,,,,,,,,,,,,,,,,,,,,,,43036.9,,,,,,,,,
31189,,,,,,,,,,,,,,,,,,109824,,,,,,,,,,,,,,49178.9
31185,,,,,,,,,,,,,,,,,,,,,,,,,,,,,86170.3,,,
31176,,,,,,,,,,,,,,,,,,,,,,,,,,,195320,,,61604.9,,
31174,,,,,,,,,,,,,57237.3,,,,,,,,,,,,,,,,,,,
31169,,,,,,,,,,,,,,,,,,137924,,,,,,,,,,,,,53308.7,
31168,,,,,,,,,,,,,,,,,,,109541,,,,,,,,,,,,,45363
31167,,,,,,,,,,,,52790.7,,,,,,,,,,,,,,,,,,,,
31165,,,,,,,,,,,,,,,,,,,,,,,,,,169393,,,,,,
31164,,,,,,,,,,,,,,,,,138968,,,,,,,,,,,,,,,
31163,,,,,,,,,,,,,,,,165921,,,,,,,,,,,,,,,,
31162,,,,,,,,,97583.7,,,,,,,,,,,,,,,,,,,,,,,
31155,,,,,147817,147817,,,,,,,,,,,,,,,,,,,,,,,,,,
31154,,,,,,,,,,,,,,,247485,,,,,,,,,,,,,,,,,
31153,,,,,,,,,,,,,,,,,,,,,,61178.9,40695,,,,170195,,,,,
31150,,,,,,,,,,,66614.3,,,128270,,,,,,,,,,,,,,,,,,
31149,,,,,,,,,,,,,41778.2,,,,,,,,,,,,,,,,,,,
31147,,,,,,,,,,,,,,,,,,,,,,,,,,,,,,,44706.1,
31146,,,,,,,,,,,,,,,,,,,,,,,,,,,,,,,,35210.3
31142,,,,,,,,,,61961.2,,,,,,216991,,,,,,,,,,,,,,,,
31139,,,,,,,,,,,,,,,,,,,,,,,,,362658,,,,,,,
31138,,,,,,,,,,,,,,,,,,,170702,,,,,,,,,,,,,
31133,,,240381,,,,,,,,,,,,,,,,,,,,,,,,,,,,,
31132,,,,,,,,,,,,,,,,,,,,,,,,,,169433,,,,,,
31130,,,,,,,,,,,,,,,,,,,,110407,78329.2,,,,,,,,,,54388.8,
31128,,,,,,,99616.4,99616.4,,,,,,,,,,,,,,,,,,,,,,,,
31125,,,,,,,,,39828,,,,,,,,,,,,,,,,,,,,113958,,,
31123,,,,,,,,,,,,,,,,,163320,,,,,,,,,,,,,,,34165
31122,,,,,156703,156703,,,,,,,,,,,,,,,,,,,,,,,,,,
31121,,,,,,,,,,,,,,,,,,194535,,,,,,,,,,,,,,
31120,,,,,,,,,,,,,,,,201366,,,,,,,,,,,,,,,,
31118,,,,,,,,,,,,,,,,,,,,,,,,,,,227121,,,,,
31112,,,,,,,,,,,,,67936.1,,,,,,,,,,,,,,,,,,,
31111,,,,,,,,,,,,,,,318818,,,,,,,,,,,,,,,,,
31106,,,,152655,,,,,,,,,,,,,,,,,,,,202813,,,,,,,,
31104,,,,,,,,,,,,,,,,,,,,,,86600.1,,,,,,,,,,
31103,,,,,,,,,,,,,,,,,,,112332,,,,,,,,,,,108632,,
31100,,,,,,,,,,,,,,221338,,161026,,,,,,,,,,,,,,,,
31099,,,,,,,,,,,,,,,,,,,,,,,,,390951,,,,,,,
31098,,89692.9,,,174585,174585,,,,,,,,,,,,,,,,,,,,,,,,,,
31097,,,212093,,,,,,,,75973.6,,,,,,,160207,,,107347,,,,,,,,,,,
31094,,,,,,,101567,101567,,,,,,,,,,,,,,,,,,,,,,,,
31091,,,,,,,,,,,,,58785.2,,,,,,,,,,,,,,,,,,,
31088,,,,,,,,,,,,,,,,,,,,,,,51248.4,206526,,,,,,,,
31085,,,,,,,,,,,,,,,,,,,,,,,,,,,,197485,,,,
31084,,,,,,,,,,82031.2,,,,,,,,,,132822,,,,,,,,,,,,
31080,,,,,,,,,,,,45234.3,,,,,,,,,,,,,,,259782,,,,,
31076,,,,,173862,173862,,,,,,,,,,,,,,,,,,,,,,,,,,67131
31071,,,,,,,,,,,,,,,,,181770,163737,,,,,,,,,,,,,,
31068,,,,,,,132974,132974,,,,,,,,,,,,,,,,,363841,,,,,,,
31067,,,,,,,,,,,,,,297020,,,,,,,,,,272892,,,,,,,,
31066,,,,,,,,,118602,,,,,,,,,,,,,,,,,,,,,,,
31064,,,,,,,,,,,,,57224.4,,,,,,,,,,,,,,,,,121955,,
31061,,,,,,,,,,,,,,,304869,,,,,,,,,,,,,,,,,
31059,,,,,,,,,,,,,,,,,,,,,,,,,,,233439,,,,,
31058,,,,,,,,,,,78306.6,,,,,,,,,,,,,,,,,,,,,
31055,,,218139,,,,,,,,,,,,,,,,,,,,,,,,,,,,,
31053,,,,,,,,,,,,,,,,,246375,,,,,,,,,,,,,,,
31049,,,,,,,,,,,,76395.2,,,,,,,,142931,,106732,,,,,,,,,109476,
31047,,,,,,,,,,85122,,,,,,,,,,,,,,,,,,,,,,115385
31046,,,,,,,,,114829,,,,66746.7,,,,,,141721,,95010.6,,,,,,,,,,,
31045,,,,,,,,,,,,,,,,,,,,,,,,,,,,,150575,,,
31044,,,,,,,,,,,,,,,,,,,,,,,86651.3,,,,,,,,,
31043,,,,,,,175130,175130,,,,,,,,,,,,,,,,,,,,,,,,
31042,,,,,,,,,,,,,,,,,,,,,,,,,,,,,,105851,,
31041,,,,,192512,192512,,,,,,,,,,,,210329,,,,,,,,,,,,,,
31040,,,,,,,,,,,,,,299608,,,,,,,,,,,,,,,,,,
31037,,,,,,,,,,,,,,,,,,,,,,,,289794,,,,,,,,
31036,,,209178,,,,,,,,,,,,,,,,,,,,,,,,,,,,,
31035,,,,,,,,,,,,,,,,,,,,,,,,,,188653,,,,,,
31033,,,,,,,,,,,,,,,,,,,,,,,,,376525,,,,,,,
31031,,,,,,,,,,,78631.2,,,,,,,,,,,,,,,,,,,,,
31026,,,,,,,,,,,,,,,,,234467,,,,,,,,,,,202439,,,,
31025,,,,,,,,,,,,,,,,,,,,110977,,,,,,,,,,,,
31024,,,,,,,127456,127456,,,,,,,,,,,,,,,,,,,,,,,,
31020,,,,,,,,,,,,,,,335388,,,,,,,,,,,,,,,,,
31019,,,220630,,,,,,,,,,,,,,,,,,,,,,,,,,,,,
31008,,,,,188530,188530,,,,,,,,305629,,,252044,,,,,,,,,415387,,,,,,
31006,,,,,,,,,,,,,,,,372807,,,,,,,,,,,,,,,,145083
31005,,,,,,,,,,,,,,,,,,,,,,,136544,,,,,,135786,184335,128045,
31004,,158066,,,,,,,,,,134952,98761.1,,,,,219670,,,149958,146753,,,,,,,,,,
31003,,,,,,,,,209974,,,,,,,,,,,139343,,,,,,,317276,,,,,
31002,,,,,,,,,,132539,,,,,,,,,261593,,,,,,,,,,,,,
31001,,,,,,,,,,,,,,,369877,,,,,,,,,,,,,,,,,
30999,,,,,,,,,,,119310,,,,,,,,,,,,,,,,,,,,,
30998,,,283101,,,,,,,,,,,,,,,,,,,,,447654,,,,,,,,
30996,,,,,,,,,,,,,,,,,,,,,,,,,485628,,,,,,,
30994,,,,213316,,,,,,,,,,,,,,,,,,,,,,,,,,,,
30989,,,,,,,182963,182963,,,,,,,,,,,,,,,,,,,,,,,,
30987,,,,,,,,,,,,,,,,,,,,,,,,,,,,230396,,,,
30986,,,,,,,,,,,,,,,,,282171,,,158050,,,,,,,,,,,,
30985,,,,,,,,,,,,,,,,,,,,,,,,,,,240284,,,,,
30984,,,,,,,,,,,,,,,,274505,,175290,,,,,,,,,,,,,,
30983,,,,,203505,203505,,,,,,,,,,,,,,,,,,,,,,,,112750,,
30981,,,,,,,,,,,,,,,,,,,,,,79085.7,,,,,,,,,,
30977,,,,,,,,,,,,,,,346746,,,,,,,,,,,,,,,,,
30975,,,,,,,,,,,,,,,,,,,,,,,,,652606,,,,,,,
30974,,,,,,,,,,,,,,,,,,,,,,,,,,514580,,,164146,,,
30972,,,,264910,,,,,,,,,,,,,,,,,,,,,,,,,,,,
30965,,,272020,,,,,,,,,,,,,,,,,,,,,,,,,,,,,
30961,,,,,,,,,,,,,65339,,,,,,,,,,,,,,,,,,,
30955,,,,273622,,,,,,,,,,,,,,,,,,,,449241,,,,,,,,
30953,,,,,,,,,,,,,,,479443,,,,,,,,,,,,,,,,,
30952,,,,,,,,,,,,,,350148,,,,,,,,,,,,,,,,,,
30951,,,,,,,,,,,,,,,,,,,,170541,,,,,,,,,,,,
30948,,,,,,,216372,216372,,150780,,113296,,,,,,,208298,,,152579,,,,,,,,207450,,
30947,,,,,,,,,,,,,,,,,,,,,,,,,,,,359769,,,172169,
30946,,,,,,,,,195464,,137934,,,,,,,,,,,,,,,,,,249156,,,136209
30944,,,,,,,,,,,,,,,,,,248242,,,,,,,,,,,,,,
30943,,,,,331845,331845,,,,,,,,,,,,,,,152582,,,,,,408634,,,,,
30942,,,,,,,,,,,,,,,,416707,,,,,,,,,,,,,,,,
30941,,,,,,,,,,,,,,,,,369757,,,,,,93687.6,,,407135,,,,,,
30937,,,,293478,,,,,,,,,,,,,,,,,,,,,,,,,,,,
30936,,,309489,,,,,,,,,,80951.1,,,,,,,,,,,,,,,,,,,
30934,,,,,,,,,,,,,,,474029,,,,,,,,,,553537,,,,,,,
30919,,191352,,,,,,,,,,,,,,,,,,,,,,,,,,,,,,
30909,,,,,,,,,,,,,,403160,,,,,,,,,,694159,,,,,,,,
30908,,,,,,,,,,,,,,,,,,,,,,,,,766614,,,,,,,
30906,,,,,,,,,,,,,,,596216,,,,,,,272854,269753,,,,,,,,,
30905,,,,,,,,,,,,255751,219369,,,,,,,,300521,,,,,,,,,408856,322469,311276
30904,,,,,,,,,,,260637,,,,,,,,,379201,,,,,,,,522132,401488,,,
30903,,,,,,,,,,297595,,,,,,,,,428235,,,,,,,,,,,,,
30902,,,,,,,,,355673,,,,,,,,501270,,,,,,,,,,623556,,,,,
30901,,,,,,,406775,406775,,,,,,,,,,443331,,,,,,,,,,,,,,
30899,,,,497578,,,,,,,,,,,,602432,,,,,,,,,,,,,,,,
30898,,,,,433884,433884,,,,,,,,,,,,,,,,,,,,,,,,,,
30897,,,,,,,,,,,,,,,,,,,,,,,,,,518897,,,,,,
30890,,,587845,,,,,,,,,,,,,,,,,,,,,,,,,,,,,
30886,,206178,,,,,,,,,,,,,,,,,,,,,,,,,,,,,,
30884,,,,,,,,,,,,,,,596651,,,,,,,,,,,,,,,,,
30882,,,,,,,,,,,,,,,,,,,,,,,,,662851,,,,,172897,,
30881,,,,,,,,,,,,,,457342,,,,,,,,,,,,,,,,,,
30880,,,,,,,,,,,,65092.3,,,,,,,,112565,,,,,,,,,,,,
30862,,,,,,,,,,,,,,441392,,,,,,,,,,656099,,,,,,,,
30861,,,,,,,,,,315865,,,150541,,,,,,,,,201097,128020,,,,,,,,,147024
30860,,,,,,,,,363884,,,187738,,,,,,,,,249597,,,,,,,,348027,311924,200570,
30859,,,,,,,,,,,211932,,,,,,,489761,,309019,,,,,,,476900,,,,,
30858,,241059,,,425771,425771,418568,418568,,,,,,,,,499392,,391745,,,,,,880701,636090,,,,,,
30857,,,,,,,,,,,,,,,,,,,,,,,,,,,,402892,,,,
30856,,,,,,,,,,,,,,,630168,,,,,,,,,,,,,,,,,
30855,,,602595,,,,,,,,,,,,,,,,,,,,,,,,,,,,,
30843,,,,,,,,,,,,,,,,758926,,,,,,,,,,,,,270695,220508,,
30842,,,,,,,,,,,,,,,,,,370318,,,,,,,,,,,,,,147704
30841,,,,,,,,,242211,,,,,,,,434851,,,,133746,172438,,,,,623533,,,,,
30840,,,,,396999,396999,,,,,,,,,,,,,,,,,,647399,866516,805237,,,,,,
30839,,,,565883,,,,,,,117021,,,,701988,,,,,,,,,,,,,,,,,
30838,,,,,,,,,,164162,,133011,,,,,,,,,,,,,,,,,,,,
30833,,206492,,,,,,,,,,,,,,,,,,,,,,,,,,,,,,
30822,,,,,,,,,,,,,119572,395185,,,,,,,,,,,,,,,,,,
30815,,,524113,,,,,,,,,,,,,,,,,,,,,,,,,,,,,
30814,,165287,,,,,,,,,,,,,,,,,,,,,,,,,,,,,,
30805,,,,,,,,,,,,205235,,,,,,,,,,,,,,,,,,,,
30804,,,,,,,,,,,,,,,,,,,,,,193430,,,,,,,,,328995,
30803,,,,,,,,,,,,,,,,,,,,410946,308298,,,,,,,,646659,464751,,291198
30802,,,,,,,,,469308,,,,,,,,,,561874,,,,168590,,,,,889985,,,,
30801,,,,,,,,,,289715,279393,,,,,,,732384,,,,,,,,,,,,,,
30800,,,,,,,629186,629186,,,,,168321,,,,,,,,,,,,,,1198490,,,,,
30799,,,,,,,,,,,,,,,,,853055,,,,,,,,,,,,,,,
30798,,,,,794036,794036,,,,,,,,,,,,,,,,,,,,1431450,,,,,,
30797,,,,,,,,,,,,,,,,1422380,,,,,,,,,,,,,,,,
30796,,,,1229620,,,,,,,,,,,,,,,,,,,,,1801310,,,,,,,
30794,,,,,,,,,,,,,,,1537770,,,,,,,,,,,,,,,,,
30793,,,1469100,,,,,,,,,,,,,,,,,,,,,1077000,,,,,,,,
30791,,,,,,,,,,,,,,804547,,,,,,,,,,,,,,,,,,
30790,,790973,,,,,,,,,,,,,,,,,,,,,,,,,,,,,,
30762,,,,,,,,,,,303178,234943,,,,,,,,,401439,,204628,,,,,,,690501,,
30761,,,,,,,,,,432286,,,185346,,,,,,671404,,,290537,,,,,,1056140,926550,,,319347
30760,,,,,,,596276,596276,485312,,,,,,,,,907701,,525457,,,,,,,,,,,443821,
30759,,,,,770214,770214,,,,,,,,,,,948642,,,,,,,,,,1102570,,,,,
30758,,,,,,,,,,,,,,,,1392660,,,,,,,,,,,,,,,,
30757,,,,1119210,,,,,,,,,,,,,,,,,,,,,,1358020,,,,,,
30756,,,,,,,,,,,,,,,1605500,,,,,,,,,,,,,,,,,
30755,,,,,,,,,,,,,,,,,,,,,,,,1239770,1692270,,,,,,,
30754,,,1253160,,,,,,,,,,,,,,,,,,,,,,,,,,,,,
30753,,,,,,,,,,,,,,788716,,,,,,,,,,,,,,,,,,
30750,,480547,,,,,,,,,,,,,,,,,,,,,,,,,,,,,,
30740,,,,,,,,,,,,,,,,,,,,,,,,,,,568291,,,,,
30738,,,,,,,,,,,,,206705,,,,,,,,,,,,,,,,,,,
30737,,,,,,,,,,,,232932,,,,,,,,330204,,246443,,,,,,,,,,
30736,,,,,,,,,,298635,266913,,,,,,,,,,287333,,203437,,,,,420410,324680,292214,,
30735,,,,,,,,,372486,,,,,,,,583135,367843,319550,,,,,,,,,,,,272265,220953
30734,,,,,585524,585524,422386,422386,,,,,,,,748580,,,,,,,,,,,,,,,,
30719,,,,,,,,,,,,,,,,,,,,225802,,,,,,,,,,,,
30718,,,,,,,,,,,,,,,,,,,,,,,109870,,,,,,,248806,,
30717,,,818397,,,,,,,,,,,,,,,,,,,,,,,,,,392526,,,
30716,,,,,,,,,,,,,136216,,,,,448866,,,,155816,,,,,,,,,,
30715,,,,678266,,,323444,323444,,,,,,,,,,,,,,,,,,,,,,,,
30714,,342615,,,,,,,257454,,,,,,1271760,,,,,,,,,905971,,,,,,,,
30713,,,,,478105,478105,,,,,,,,,,,,,,,,,,,,,,,,,,
30700,,,,,,,,,,,,,,,,,,,,,,,,,,,,,425815,,,
30699,,,,,,,,,,,,,,,,,,,,,,,,,,,1017780,,,,,
30698,,,,,,,,,,,,,,,,,,,,,,,,,,,,685653,,301425,,
30697,,,,,923203,923203,,,293653,,,,,,,2073550,982111,565098,351369,,,,,,,2207800,,,,,220911,
30696,,,,1836520,,,486962,486962,,,,,,,,,,,,,,,,,,,,,,,,
30695,,,,,,,,,,,,,,,4017680,,,,,,,,,,4345020,,,,,,,
30694,,,3551820,,,,,,,,,,,,,,,,,,,,,,,,,,,,,
30693,,2170150,,,,,,,,,,,,3748360,,,,,,,,,,4788490,,,,,,,,
30687,,,,,,,,,,,,,,,,,,,,,,245118,,,,,,,,,,
30682,,,,,,,,,,,,,,,,,,,,,,,,,,,,,,,,227546
30681,,,,,,,,,,,,,,,,,,,,,293849,,,,,,,,,,,
30680,,,,,,,,,,,,219348,214640,,,,,,,,,,,,,,,,,,,
30679,,,,,,,,,,,294262,,,,,,,,,324522,,,210928,,,,,,,,,
30678,,,,,,,,,,377788,,,,,,,,,,,,,,,,,,,569819,,348421,
30677,,,,,,,,,,,,,,,,,,,472220,,,,,,,,,,,,,
30676,,,,,,,,,522239,,,,,,,,,,,,,,,,,,,,,435088,,
30675,,,,,693917,693917,653212,653212,,,,,,,,,,741521,,,,,,,,,,,,,,
30674,,,,,,,,,,,,,,,,,,,,,,,,,,,,787500,,,,
30663,,,,,,,,,,,,,,,,,,,,230056,,,,,,,,,,,,
30658,,,,,701205,701205,,,,,,,,,,,815545,,,,,,,,,,1038950,,,,,
30657,,,,1646200,,,,,,,,,,,,1969480,,,,,,,,,,2295890,,,,,,
30656,,,,,,,,,,,,,,,,,,,,,,,,,3439270,,,,,,,
30655,,,,,,,,,,,,,,,2813740,,,,,,,,,,,,,,,,,
30653,,,2412340,,,,,,,,,,,,,,,,,,,,,,,,,,,,,
30652,,1421560,,,,,,,,,,,,2051540,,,,,,,,,,3305290,,,,,,,,
30639,,,,,,,,,,,,649156,573647,,,,,,,,,,,,,,,,,,,582415
30638,,,,,,,,,,,735706,,,,,,,,,,,685729,510312,,,,,,,,682983,
30637,,,,,,,,,,885901,,,,,,,,,,799652,724698,,,,,,,,975651,829598,,
30636,,,,,,,,,917384,,,,,,,,,,,,,,,,,,,,,,,
30635,,,,,,,,,,,,,,,,,,,958991,,,,,,,,,1072170,,,,
30634,,,,,,,1241220,1241220,,,,,,,,,,1104450,,,,,,,,,,,,,,
30632,,,,,1531000,1531000,,,,,,,,,,,1347300,,,,,,,,,,1368720,,,,,
30629,,,,,,,,,,,,,,,,,,,,,,,,,,1972730,,,,,,
30628,,,,,,,,,,,,,,,,1943920,,,,,,,,,,,,,,,,
30627,,,,1781400,,,,,,,,,,,,,,,,,,,,,,,,,,,,
30626,,,2804320,,,,,,,,,,,,,,,,,,,,,,,,,,,,,
30625,,439551,,,,,,,,,,,,,,,,,,,,,,,,,,,,,,
30624,,,,,,,,,,,,,,,2290970,,,,,,,,,,,,,,,,,
30618,,,,,,,,,,,,,,955486,,,,,,,,,,,,,,,,,,
30617,,,,,,,,,,,,,,,,,,,,,,,,,3301970,,,,,,,
30616,,,,,,,,,,,,,,,,,,,,277009,247894,,,,,,,,474533,,,226550
30614,,,,,,,,,,,,,,,,,,,,,,,141230,,,,,,,,313916,
30595,,2545580,,,,,,,,,,,,4794390,,,,,,,,,,8657610,5263570,,,,,,,
30594,,,3582030,,,,,,,,,,,,4353680,1619940,,,,,,,,,,1992190,,,,,,
30593,,,,1516850,,,,,,,,,,,,,,,,,,,,,,,,,,,,
30582,,,,,,,,,,,,,,,,,,,,,,,,,,,,,,,562021,
30581,,,,,,,,,,,,,,,,,,,,,,474292,348405,,,,,,,,,448864
30580,,,,,,,,,,,,,,,,,,,,667184,597112,,,,,,,,1001050,735083,,
30579,,,,,,,,,,,,319628,302790,,,,,,922049,,,,,,,,,1410730,,,,
30578,,,,,,,1257650,1257650,918069,668812,391043,,,,,,,1377880,,,,,,,,,,,,,,
30577,,,,,1509720,1509720,,,,,,,,,,,1705320,,,,,,,,,,1814440,,,,,
30576,,,,,,,,,,,,,,,,1338010,,,,,,,,,,1837050,,,,,,
30558,,,,,,,,,,,,,,,,,,,,,,,,,,1137860,,,,,,
30557,,,,961331,,,,,,,,,,,,1035110,,,,,,,,,,,,,,,,
30554,,,2255310,,,,,,,,,,,,2895810,,,,,,,,,,2897120,,,,,,,
30553,,,,,,,,,,,,,,,,,,,,,,,,4629910,,,,,,,,
30552,,1620390,,,,,,,,,,,,2797490,,,,,,,,,,,,,,,,,,
30541,,,,,,,,,,,,,,,,,,,,,,,,,,,,,,,,1548770
30540,,,,,,,,,,,1248900,1063050,902356,,,,,,,1776050,1592800,1273440,1042550,,,,,,,,1869680,
30539,,,,,,,,,,,,,,,,,,,,,,,,,,,,,2213130,2017070,,
30538,,,,,,,,,,1639810,,,,,,,,,,,,,,,,,,,,,,
30537,,,,,,,,,2020110,,,,,,,,,,2109080,,,,,,,,,2951660,,,,
30536,,,,,,,3006060,3006060,,,,,,,,,,2864440,,,,,,,,,,,,,,
30534,,,,,4125830,4125830,,,,,,,,,,,3843380,,,,,,,,,,3932490,,,,,
30532,,,,,,,,,,,,,,,,,,,,,,,,,,5637950,,,,,,
30531,,,,5549450,,,,,,,,,,,,5292740,,,,,,,,,,,,,,,,
30529,,1748020,8917580,,,,,,,,,,,3115810,9312290,,,,,,,,,5275640,9441040,,,,,,,
30510,,611140,,,,,,,,,,,,983741,,,,,,,,,,,,,,,,,,
30496,,,,,,,,,,,,292479,,,,,,,,,529669,334848,,,,,,,,509226,,343469
30495,,,,,,,,,1063910,,405127,,262996,,,,,,1061760,,,,302284,,,,,1365080,834592,,398260,
30494,,,,,2134790,2134790,1732560,1732560,,650519,,,,,,,1816500,,,628036,,,,,,,,,,,,
30492,,,,,,,,,,,,,,,,2732550,,,,,,,,,,,,,,,,
30491,,,,2649800,,,,,,,,,,,,,,,,,,,,,,,,,,,,
30489,,,4261730,,,,,,,,,,,1644600,4170390,,,,,,,,,,4145390,,,,,,,
30488,,1135430,,,,,,,,,,,,,,,,,,,,,,2726020,,,,,,,,
30479,,,,,,,,,,,,,,,,,,,,,,,,,,3224460,,,,,,
30478,,,,,,,1346480,1346480,770832,,,,,,,,2340340,1719140,1006520,723113,,401948,,,,,3345930,2105510,1448510,956702,623607,420424
30477,,,,,,,,,,560352,,265409,,,,,,,,,499369,,245826,,,,,,,,,
30476,,,,,,,,,,,353216,,215671,,,,,,,,,,,,,,,,,,,
30469,,,,,,,,,,,,,,,,,,,,,,,,1171730,,,,,,,,
30465,,,1363410,,,,,,,,,,,,1675030,,,,,,,,,,2174430,,,,,,,
30464,,,,1241110,,,,,,,,,,,,,,,,,,,,,,,,,,,,
30463,,,,,,,,,,,,,,,,1330820,,,,,,,,,,,,,,,,
30437,,,,,,,,,,,,,,,,,,,3264500,2026790,,1031290,698975,,,,,6128880,3827280,2198520,1737580,
30436,,,,,,,4363490,4363490,2569490,1564520,1150650,848171,592230,,,,,5137870,,,1456410,,,,,,9477900,,,,,1226240
30435,,,,,7087760,7087760,,,,,,,,,,,8117390,,,,,,,,,14286700,,,,,,
30433,,,,,,,,,,,,,,,,13818600,,,,,,,,,,,,,,,,
30432,,,,13507900,,,,,,,,,,11781300,,,,,,,,,,18359000,26185300,,,,,,,
30431,,6478460,26608300,,,,,,,,,,,,27949100,,,,,,,,,,,,,,,,,
30397,,,,,,,,,,,804952,572798,,,,,,,,,,,585012,,,,,,,,1279590,872021
30396,,,,,,,3183420,3183420,1867740,1115190,,,449002,,,,,3632500,2511330,1334810,1046030,730075,,,,,6258300,4345490,2635930,1657560,,
30395,,,,,4659370,4659370,,,,,,,,,,,5372950,,,,,,,,,,,,,,,
30394,,,,,,,,,,,,,,,,,,,,,,,,,,8455190,,,,,,
30393,,,,,,,,,,,,,,,,7032960,,,,,,,,,,,,,,,,
30392,,,,6242180,,,,,,,,,,,,,,,,,,,,,,,,,,,,
30391,,,10979600,,,,,,,,,,,5200970,11435200,,,,,,,,,,11685900,,,,,,,
30390,,2788940,,,,,,,,,,,,,,,,,,,,,,8194460,,,,,,,,
30370,,,,,,,,,,,,,160822,,,,,,,475255,,276197,,,,,,,,510520,428755,362411
30369,,,,,,,,,,,304903,254000,,,,,,,665111,,382484,,257025,,,,,,715856,,,
30368,,,,,,,,,528510,392175,,,,,,,,,,,,,,,,,,,,,,
30367,,,,,,,,,,,,,,,,,,,,,,,,,,,,1045290,,,,
30366,,,1803120,2875470,,,933935,933935,,,,,,,2402280,2611210,1470230,936337,,,,,,1548130,2712570,2421320,1337850,,,,,
30365,,367742,,,1450270,1450270,,,,,,,,,,,,,,,,,,,,,,,,,,
30364,,,,,,,,,,,,,,843904,,,,,,,,,,,,,,,,,,
30334,,,,,,,,,,,,,,,,,,,,,,,,45625200,,,,3924760,,,,
30333,,9294600,35177100,15256600,4940390,4940390,2327490,2327490,1202510,861327,621702,402704,383119,21170200,47586900,18652300,6293620,2867590,1650960,1098220,828086,590245,515924,,59611300,22237800,7901510,,2178620,1450820,1044400,742918
30298,,,,,,,,,,,,,,,,,,,,,,,219909,,,,,,,,,
30295,,,,,,,,,,475705,357118,,,,,,,,,,,,,,,,,,,,,
30294,,,,,,,1350010,1350010,797344,,,,,,,,2956090,1562560,960768,,475424,295044,,,,,,1836000,1132900,682776,,
30293,,,,,2890880,2890880,,,,,,236090,217623,,,,,,,585559,,,,,,9489510,3672050,,,,561536,387768
30292,,,14149700,7208830,,,,,,,,,,,17886700,8316220,,,,,,,,,21739800,,,,,,,
30291,,,,,,,,,,,,,,7217540,,,,,,,,,,14231100,,,,,,,,
30289,,3278470,,,,,,,,,,,,,,,,,,,,,,,,,,,,,,
30268,,,,,,,,,,,,,173446,,,,,,,470506,,,213509,,,,,,,622038,,
30267,,,,4483410,2378010,2378010,1192440,1192440,724290,368876,,,,,,5852760,2727730,1226550,856432,,435549,278573,,,,7605850,3341480,1659950,1142020,,478215,361955
30266,,,,,,,,,,,,,,,,,,,,,,,,,7933570,,,,,,,
30251,,,,,,,,,,,,,,,,,,,,,,,,,,,,,,,441212,
30250,,,,,1674480,1674480,,,,,283880,,180848,,,,2090120,1325830,780021,506387,,222370,227080,,8148580,,2541170,,960153,538632,,379012
30249,,,5969720,,,,1081900,1081900,583297,415548,,227511,,,6803620,,,,,,,,,,,,,1553060,,,,
30248,,,,,,,,,,,,,,,,,,,,,,,,8441980,,,,,,,,
30247,,,,,,,,,,,,,,5083740,,,,,,,,,,,,,,,,,,
30246,,2977500,,,,,,,,,,,,,,,,,,,,,,,,,,,,,,
30230,,,,,,,,,,,,,,,,,,,,,,,114990,,,,,,,,,
30229,,,,,,,,,,,,,,,,,,,,,,135023,,,,,,,,,,
30228,,,,,,,,,,,,,118820,,,,,,292384,,158607,,,,,,,,355349,236048,,
30227,,,,,683138,683138,449033,449033,309657,,,,,,,,805405,413637,,237080,,,,,,,747075,533014,,,,138169
30226,,,,909322,,,,,,239647,174392,115889,,,425552,1270210,,,,,,,,,,1550700,,,,,194941,
30222,,,348614,,,,,,,,,,,,,,,,,,,,,661215,886775,,,,,,,
30205,,,,,,,,,,,,,,,,,,,,,,,101939,,,,,,,,,
30203,,,,,,,,,,216880,,90906.5,,,,,,,,,,,,,,,,,,,,
30202,,,,,,,,,,,,,,,,,,,,,184210,,,,,,,,,,,
30191,,,,,,,,,,,,,,,,,,,,,,,,,,4697250,1786710,,,,,
30190,,,,,,,,,,,,,,,,4268760,,,445954,,,,,,,,,,,,,
30189,,,,3564210,,,,,,,,,,,,,,,,,,,,,11741800,,,978287,,,,
30188,,,7756840,,,,,,,,,,,,10094600,,1782160,879673,,,,,,,,,,,581125,,,
30187,,,,,1702270,1702270,913235,913235,504228,,255444,,,,,,,,,354775,,215597,105962,14096000,,,,,,339892,307936,275679
30186,,3737670,,,,,,,,295365,,,136386,7238990,,,,,,,308625,,,,,,,,,,,
30185,,,,,,,,,,,,160071,,,,,,,,,,,,,,,,,,,,
30164,,,,,,,,,241726,,,,,,,,,,,,,,,,,,,,,,,
30163,,,,,,,,,,,,91455,,,,,,,,,,,,,,,,,333961,,,
30162,,,,,,,,,,,,,,,,,,,308085,173348,,,,,,,,616610,,,,
30161,,,,,,,,,,144894,,,69454.5,,,,,,,,,,,,,,,,,252753,,
30160,,,,,,,443741,443741,,,,,,,,,,486312,,,,,,,,,,,,,,
30159,,,,,702199,702199,,,,,100100,,,,,,733322,,,,,102443,,,,,860280,,,,,
30151,,,,,,,,,,,,,,,,,,,,,,,,,,2018320,,,,,,
30150,,,,,,,,,,,,,,,,1891140,,,,,,,,,,,,,,,,
30149,,,,,,,,,,,,,,,,,,,,,,,,,,,,,,,159806,
30148,,,,1668850,,,,,,,,,,,,,,,,,,,,,,,,,,,,
30147,,,,,,,,,,,,,,,,,,,,,,,,,7034540,,,,,,,94367.2
30146,,,,,,,,,,,,,,,6082340,,,,,,133474,,65266.5,,,,,,,,,
30145,,,5441580,,,,,,,,,,,,,,,,,181232,,,,8822670,,,,,,,,
30144,,,,,,,,,,,,,,5380600,,,,,,,,,,,,,,,,,,
30142,,3154670,,,,,,,,,,,,,,,,,,,,,,,,,,,,,,
30129,,,,,,,,,,,99488.4,,,,,,,,,,,,,,,,,,,,,
30128,,,,,,,,,,,,,62126.2,,,,,,,,,,,,,,,,,,,
30127,,,,,,,,,,,,,,,,,,,,,,,71368.4,,,,1006850,,,,,
30126,,,,,811931,811931,,,,145625,,,,,,,819539,,241186,,,,,,,,,577001,337743,,,
30125,,,,,,,402680,402680,,,,,,,,1205240,,442626,,,,85121.1,,,,1529570,,,,,,76794.6
30124,,,,924820,,,,,,,,,,,,,,,,,,,,,,,,,,,,
30123,,,,,,,,,239715,,,,,,,,,,,129924,,,,,,,,,,,149342,
30122,,,,,,,,,,,,72620.8,,,,,,,,,104967,,,,,,,,,194083,,
30110,,,,,,,,,,104988,,,,,,,,,,,,,,,,,,,,,,
30106,,,,,,,,,,,,,,,,,,,,,,,,,2946620,,,,,,,
30105,,,,,,,,,,,,,,,2786720,,,,,,,,,,,,,,,,,
30104,,,2572830,,,,,,,,,,,,,,,,,,,,,,,,,,,,,
30103,,,,,,,,,,,,,,,,,,,,,,,,5560900,,,,,,,,
30102,,1881940,,,,,,,,,,,,3127970,,,,,,,,,,,,,,,,,,
30089,,,,,,,,,,,,,146641,,,,,,,,,,,,,,,,,,,
30088,,,,,,,1113390,1113390,,325717,232115,,,,,,,,,456527,,,151683,,,,,,841021,512931,,
30087,,,,,1921930,1921930,,,583043,,,,,,,3390640,2257550,1320130,743465,,325952,186442,,,,,2915220,1539240,,,292975,
30086,,,,2595030,,,,,,,,108358,,,,,,,,,,,,,,4582070,,,,,,221281
30084,,,,,,,,,,,,,,,,,,,,,,,,,4642840,,,,,,,
30083,,,4453450,,,,,,,,,,,,4334470,,,,,,,,,,,,,,,,,
30082,,3667320,,,,,,,,,,,,4878500,,,,,,,,,,5872480,,,,,,,,
30065,,,,,,,,,,92125.9,102219,44307.9,,,,,,,,,93846.6,69054.5,,,,,,,,146204,,
30064,,,,,,,,,,,,,48755,,,,,,,,,,,,,,,,207839,,,
30063,,,,,,,,,151821,,,,,,,,,,,151079,,,,,,,,,,,48195.6,90437.1
30058,,,,,,,,,,,,,,,,,,,,,,,,,,,562804,,,,,
30047,,,,,,,,,,,,,,,,,,,,,,,33807.5,,,,,428791,,,,
30046,,,,,,,250748,250748,,,,,,,,,,,,,,,,,,,,,,,,
30045,,,,,497165,497165,,,,,,,,,,,,375196,233335,,,,,,,,,,233871,195729,,
30044,,,,,,,,,156758,,,,,,,,589582,,,,100186,,,,,,,,,,,
30043,,,,,,,,,,,107880,57921.1,,,,1358250,,,,,,,,,,1194340,,,,,45992.7,
30042,,,,1371330,,,,,,,,,,,6161260,,,,,,,,,,5236080,,,,,,,100507
30041,,5641330,6260750,,,,,,,65046.3,,,47932.3,8957590,,,,,,,,,,12182400,,,,,,,,
30023,,,,,,,,,,,,,,,,,,,,,,,,,,,,,,66840,,
30018,,,,,334393,334393,,,,,,,,,,,,190972,,,,,,,,817671,,274942,,,,
30017,,,,676174,,,,,,,,,,,,,429962,,114632,,,,,,,,,,,,,
30016,,,,,,,,,,,,,,,,608622,,,,,,,,,,,393975,,,,,
30015,,,,,,,,,,,,,,,,,,,,,69239.7,,,,,,,,,,,
30000,,,,526888,,,,,,,,,,,,,,,,,,,,,,,,,,,,
29988,,,,,,,,,,,,,,,,,,,,,,,28730,,,,,,,,,
29986,,,,,,,,,,,,,,,,,,,,,85073.7,,,,,,,,,,,
29985,,,,,,,,,,,,,,,,,,,,,,31808.7,,,,,,,,,,
29984,,5146410,5252310,,,,,,,,,,,9413890,6009590,,624263,,,162523,,,,16144700,,,,,,185435,,37805.1
29983,,,,1288500,523425,523425,257422,257422,,,,,,,,1670830,,401588,,,,,,,6794360,1994030,751462,462170,,,,
29982,,,,,,,,,190483,,40504.1,,,,,,,,254983,,,,,,,,,,,,,
29981,,,,,,,,,,,,,,,,,,,,,,,,,,,,,289720,,,
29961,,,,,,,,,,,,,,,,644448,,,,,,,,,,788783,,,,,,
29954,,,,,,,,,,,33713.6,,,,,,,,,,,,,,,,,,,,,
29948,,,,,,,,,107419,,,,,,,,,,,,,,,,,,,,,,,
29946,,,,,,,,,,,,,,,,,,,,,,,,,,,,426485,,,,
29945,,,,,,,280065,280065,,,,,,,,,,,,,,,,,,,782676,,285762,,,
29944,,,,,485774,485774,,,,,,36625.6,,,,,583556,336512,,,,71234,,,,,,,,,,
29943,,,,1393000,,,,,,,,,,,,1531400,,,226946,90795.5,113698,,,18002100,7742680,1927040,,,,,,
29942,,6141340,6466590,,,,,,,,,,,10771700,7637940,,,,,,,,,,,,,,,,,
29941,,,,,,,,,,,,,,,,,,,,,,,,,,,,,,,85688.7,
29922,,,,,,,,,,,,,,,,,,261739,,,,,,,,,,,,,,
29921,,,,,,,191211,191211,,,,,,,,,362279,,,,,,,,,,,,,,,
29920,,,,,348101,348101,,,,,,,,,,,,,,,,,,,,,454600,254252,,,,
29919,,,,,,,,,,,,,,,,681664,,,,,,,,,,1033390,,,,,,
29918,,,,662430,,,,,,,,,,,,,,,,,,,,,,,,,105491,,,
29917,,,,,,,,,,,,,,,,,,,,,,,,,988012,,,,,,,
29916,,,,,,,,,,,,,,,853410,,,,,,,,,,,,,,,,,
29900,,,,,,,,,,,,,,,,,,,,,,,,,,,199272,,,,,
29899,,,,,167393,167393,,,,,,,,,,,106884,,,,,,,,1492790,311521,,,,,,
29898,,,,,,,,,,,,,,,1827140,435766,,,,,,,,,,,,,,,,
29897,,,2163000,391862,,,,,,,,,,,,,,,,,,,,5291280,,,,,,,,
29896,,2975220,,,,,,,,,,,,4150940,,,,,,,,27421.2,,,,,,,,,,
29893,,,,,,,,,,,,,,,,,,150463,,,,,,,,,,,,,,
29891,,,,,,,,,,,59358.3,,,,,,,,,,,,,,,,,,,,,
29889,,,,,,,,,,,,,37735.5,,,,,,,,,,,,,,,,,,,
29881,,,,,,,,,,,,,,,,,107802,,,,,,,,,,,,,,,
29879,,,,,157666,157666,,,,,,,,,,,,,,,,,,,,,,,,,,
29877,,,,241719,,,,,,,,,,,,187042,,,,,,,,,670923,,,,,,,
29876,,,,,,,,,,,,,,507529,,,,,,,,,,,,,,,,,,
29875,,,483090,,,,,,,,,,,,584092,,,,,,,,,709013,,,,,,,,
29849,,,,,,,,,,,,,26063.6,,,,,,,,,,,,,,,,,,,
29839,,,,,,,,,,,,,,,,,,,,,,,,,1831830,,,,,,,
29838,,,1535670,,,,,,,,,,,,1698080,,,,,,,,,,,,,,,,,
29837,,,,,,,,,,,,,,4140590,,,,,,,,,,6178690,,,,,,,,
29836,,2592670,,,,,,,,,,,,,,,,,,,,,,,,,,,,,,
29812,,,,,,,,,,,,,,,,,,,51396.9,,,,,,,,,,,,,
29801,,,,115555,,,,,,,,,,,,,,,,,,,,,,,,,,,,
29798,,,2523570,,,,,,,,,,,,2878320,,,,,,,,,9771300,3023530,,,,,,,
29797,,3383880,,,,,,,,,,,,5791210,,,,,,,,,,,,519890,148377,,,,,
29787,,,,,,,,,,,35860.3,,,,,,,,,,,,,,,,,,,,,
29786,,,,,,,,,,,,,,,,,,,,,,41177.4,,,,,,,,,,
29785,,,,,,,,,262340,193792,,,,,,,,267603,342416,243944,,,,,,,,,387119,152151,,
29784,,,,,,,,,,,,,,,,,,,,,,,,,,,,330613,,,,
29779,,,,,,,,,,,,,,,,,,,,,,,,,,269105,,,,,,
29778,,,,,,,,,,,,,,,,,,,,,,,,,859160,,,,,,,
29777,,,,,,,,,,,,,,,616591,,,,,,,,,,,,,,,,,
29761,,,381806,,,,,,,,,,,,,,,,,,,,,,,,,,,,,
29760,,,,,,,,,,,,,,,,,,,,,,,,,478836,,,,,,,
29758,,210543,,,,,,,,,,,,413780,,,,,,,,,,,,,,,,,,
29757,,,,,,,,,,,,,,,,,,,,,,,,716334,,,,,,,,
29742,,,,,,,,,94318.3,,,,,,,,,,,,,,,,,,,,,,,
29733,,5795920,2722510,,153802,153802,,,,,,,,7773830,2289850,191470,,,,,,,,8325630,1803200,,,,,,,
29709,,,,,,,,,,,,,,,,,,,,,,,,,580026,,,,,,,
29696,,,,,,,,,,,,,,,551151,,,,,,,,,,,,,,,,,
29695,,874372,468086,,,,,,,,,,,,,,,,,,,,,1405210,,,,,,,,
29694,,,,,,,,,,,,,,1127410,,,,,,,,,,,,,,,,,,
29689,,,,,,,,,41045.9,,,,,,,,,,,,,,,,,,,,,,,
29666,,202706,,,,,,,,,,,,340747,409249,,,,,,,,,,,,,,,,,
29664,,,360762,,,,,,,,,,,,,,,,,,,,,588595,,,,,,,,
29638,,,,,,,,,,,,,,,,,,,,,,,,,,,,95861.5,,,,
29635,,7903590,4055990,,,,,,,,,,,13731700,,,,,,,,,43889.4,21558100,5335910,,589642,,,,,
29634,,,,,,,,,,,,,,,4727290,,,,,,,,,,,,,,,,,
29633,,,,,,,,,,,,37983.1,,,,,,,,,58710.8,,,,,,,,,,,
29614,,,,,,,,,,,,,,,,,,,,,,,,,,,96426.5,,,,,
29613,,,,,,,,,,,,,,,,,,,,,,,,,751748,,,,,,,
29612,,,,,,,,,,,,,,,612596,,,,,,,,,,,,,,,,,
29600,,,,,,,,,,,,,,,,,,,,,,22596.6,,,,,,,,,,
29596,,,432823,,,,,,,,,,,,,,,,,,,,,1522940,,,,,,,,
29595,,931331,,,,,,,,,,,,1198870,,,,,,,,,,,,,,,,,,
29594,,,,,,,,,,,,,,,,,,,,,,,,,415246,,,,,,,
29547,,467052,,,,,,,,,,,,692697,,,,,,,,,,,,,,,,,,
29546,,,,,,,,,,,,,,,,,,,,,,,,1428440,,,,,,,,
29500,,,,,,,,,,,,,,,,,,,,,,,,,273179,,,,,,,
29499,,1154010,,,,,,,,,,,,1693840,404611,,,,,,,,,2314980,,,,,,,,
29435,,,,,,,,,,,,,,,,,,,,,,,,,,,,135782,,,,
29406,,230478,,,,,,,,,,,,,,,,,,,,,,,,,,,,,,
29365,,,,,,,,,,,,,,123728,,,,,,,,,,,,,,,,,,
29364,,153153,,,,,,,,,,,,,,,,,,,,,,,,,,,,,,
28879,,,,,,,,,,,,,,,,,,,,,,,28546.6,,,,,,,,,
28872,,,,,,,,,,,,23530,,,,,,,,,,,,,,,,,,,,
28848,,,,,,,,,,,,,,,,,,,,,,,40391.3,,,,,,,,,
28751,,,,,,,,,,,,,20914.8,,,,,,,,,,,,,,,,,,,
28746,,,,,,,,,,,,31371.8,,,,,,,,,,,,,,,,,,,,
28636,,,,,,,,,,,28554.7,,,,,,,,,,,,,,,,,,,,,
28552,,,,,,,,,,,,40593.5,,,,,,,,,,,,,,,,,,,,
28508,,,,,,,,,,,,,,,,,,,,,,,44504.9,,,,,,,,,
28491,,,,,,,,,,,,21797.6,,,,,,,,,,,,,,,,,,,,
28475,,,,,,,,,,34795.1,,,,,,,,,,,,,,,,,,,,,,
28453,,,,,,,,,,,,,,,,,,,,,,,,,,,,,,,,36494.7
28451,,,,,,,,,,,,,,,,,,,,,,28625.1,,,,,,,,,,
28432,,,,,,,,,,,,,,,,,,,,,,34518.3,,,,,,,,,,
28412,,,,,,,,,,,,72370.1,,,,,,,,,,,,,,,,,,53345.1,,
28411,,,,,,,,,,,,,,,,,,,,,,118125,,,,,,,,,138535,101569
28410,,,,,,,,,,,,,,,,,,,,,,,82433.1,,,,,,,,,
28409,,,,,,,,,,,34929.6,,36861.9,,,,,,,,53304.6,,,,,,,,,,,
28351,,,,,,,59036,59036,,,,,,,,,,,,,,,,,,,,,,,,
28317,,,,,,,,,,37157.2,,,,,,,,,,,,,,,,,,,,,59594.1,
28314,,,,,,,,,,,,43073.1,,,,,,,,,,,,,,,,,,,,
28313,,,,,,,,,,,,,,,,,,,,,,,54188.3,,,,,,,,,
28276,,,,,,,,,,,52723.7,,,,,,,,,,,,,,,,,,,,,
28273,,,,,,,,,,,,,,,,,,,,,,,38861.6,,,,,,,,,
28272,,,,,,,,,,,,,,,,,,,,,,,,,,,,,,,67332.7,
28269,,,,,,,,,,58315.4,,,,,,,,,,,,,,,,,,,,,,37690
28266,,,,,,,,,,,,,,,,,,,,,,32275,,,,,,,,,,
28264,,,,,,,,,44423.2,,,,,,,,,,,,,,,,,,,,,,,
28251,,,,,,,,,,40993,,,,,,,,,,,,,,,,,,,,,,
28233,,,,,,,,,,,,,,,,,,,,,,,25902.4,,,,,,,,,
28224,,,,,,,,,,,,,,,,,,,,,21247.2,,,,,,,,,,,
28223,,,,,,,,,,,,,,,,,,,,,,,,,,,,,,,36011,
28221,,,,,,,,,,62365.7,,,,,,,,,,,,,,,,,,,,,,
28220,,,,,,,,,,,,,,,,,,,,,,35554.2,,,,,,,,,,
28218,,,,,,,,,,,,38228.7,,,,,,,,,,,,,,,,,,,,
28182,,,,,,,,,43782.3,,,,,,,,,,,,,,,,,,,,,,,
28180,,,,,,,,,,51624.3,,,,,,,,,,,,,,,,,,,,,,
28165,,,,,,,,,,,32290.7,,,,,,,,,,,,,,,,,,,,,
28162,,,,,,,,,,,,27068.8,,,,,,,,,,,,,,,,,,,,
28161,,,,,,,,,,,,,,,,,,,,62063.9,,,,,,,,,,,,
28143,,,,117148,,,,,,,,,,,,,,,,,,,,,,,,,,,,
28133,,,,,,,62509.1,62509.1,,,,,,,,,,,,,,,,,,,,,,,,
28130,,,,,,,,,,,,,,,,,,,,,,,,,,,,,57980.5,,,
28129,,,,,,,,,,,,,,,,,,,,,,,,,,,,,,,,31590.6
28121,,,,,,,,,,,,,,,,,,,,,,,,,,,,76095.2,,,,
28120,,,,,,,,,43464.5,,,,,,,,,,,,,,,,,,,,,,,
28116,,,,,,,,,,,,24071.8,,,,,,,,,,,,,,,,,,,,
28111,,,,,,,,,,,,,21778.7,,,,,,,,,,,,,,,,,,,
28107,,,,,,,,,,37937.7,37285.4,,,,,,,,,,,,,,,,,,,,,33527.4
28098,,,,,,,61654.7,61654.7,,,,,,,,,,,,,,,,,,,,,,,,
28083,,,,,,,,,,,,,,,,,,76625.2,,,,,,,,,93373.8,,,,,
28082,,,,,,,70825.9,70825.9,,,,,,,,,,,81308.9,,,,,,,365078,,131560,,,,
28080,,,,,,,,,,,,,,,,,191319,,,,,,,,,,,,,,,
28079,,,,194543,,,,,,,,,,,,258901,,,,,,,,,,,,,,,,
28078,,,,,,,,,,69971.4,,,,,,,,,,,,,,,,,,,92116.4,,,42612.5
28076,,,,,,,,,,,,,,,,,,,,,,,,,,,,,,,91976.5,
28075,,,,,,,,,,,,,,,,,,,,,,,,,,,,,,69497.8,,
28071,,,,,,,,,,,,,29457.9,,,,,,,,,,,,,,,,,,,
28069,,,,,,,,,63591.8,,,,,,,,,,,,,,30617.7,,,,,,,,,
28061,,,,,,,,,,,39487.7,,,,,,,,,,19006.6,,,,,,,,,,,
28059,,,,,,,,,,,,,,,,,,,,,,,,,,164210,,,,,,
28058,,,,,,,,,,,,,,,,,,,,76121.6,,,,,,,,,,,,
28055,,,,,,,,,,34196.2,,,,,,,,,,,,,,,,,,,,,,
28044,,,,,76314.9,76314.9,,,,,,,,,,,,,,,,,,,,,,,,,,
28043,,,,148941,,,,,,,,,,,,,,,,,,,,,,,,,,,,
28042,,,,,,,,,,,,,,,,,,,,,,,,,,,,,,,,49897.5
28039,,,,,,,,,,,,,,,,,,,,,,,,,,,,,,,52059.5,
28035,,,,,,,,,,,,,,,,,,,,,49058.6,,,,,,,,,,,
28032,,,,,,,,,,,35258.8,,,,,,,,,,,47164.9,,,,,,,,,,
28029,,,,,,,,,,,,,,,,,129734,,,,,,,,,,,,,,,
28026,,,,,,,,,,,,,,,,,,,,,,,,,,268268,143448,,,,,
28025,,,,132499,,,,,,,,,,,,,,,,,,,,,,,,,,,,
28024,,,,,,,,,,,,,,,,,,,,,,,,,,,,,,,,49915.2
28020,,,,,,,85522.9,85522.9,,60696.7,,,,,,,,,,,,,,,,,,,,,,
28019,,,,,,,,,,,,,,,,,,,,,,,,,,,,,,44678.4,33771.8,
28018,,,,,,,,,54515.3,,,,,,,,,,,,,,,,,,,,,,,
28015,,,,,,,,,,,,,,,,,,,,,,,,,,,,,88244.7,,,
28010,,,,,,,,,,,,,,,,,105190,,,,,,,,,,,,,,,
27987,,,,,,,,,,,,,,,,,179810,,,,,,,,,,,,,,,
27986,,,,,,,,,,,,,,,,,,,,,,,,,,412876,,,113169,,,
27985,,,,295588,,,,,,,34361.4,,,,,,,,,,,,,,,,,,,,,
27984,,,,,,,,,,,,,22858,,,347349,,,,,,,,,,,110178,,,,,
27983,,,,,,,102626,102626,,,,,,,,,,,,,,,,,,,,,,,,
27982,,,,,,,,,,53052.6,,,,,,,,,,,,,,,,,,,,,,
27981,,,,,,,,,,,,32659.2,,,,,,,,,,,,,,,,,,,,
27979,,,,,,,,,38139,,,,,,,,,,,,,,,,,,,,,,,
27978,,,,,,,,,,,,,,,,,,,76861.5,,,,,,,,,,,,,
27977,,,,,,,,,,,,,,,,,,80578.8,,,,,,,,,,,,,,
27976,,,,,,,,,,,,,,,,,,,,,25330.2,,,,,,,,,,,
27975,,,,,,,,,,,,,,,,,,,,,,25743.4,,,,,,,,,,
27974,,,,,,,,,,,,,,,,,,,,50655,,,,,,,,,,,,
27973,,,,,,,,,,,,,,,,,,,,,,,,,,,,106452,,,,
27972,,,,,99513.1,99513.1,,,,,,,,,,,,,,,,,,,,,,,,,,
27964,,,,,,,,,,,,,,,,,107274,,,,,,,,,,,,,,,
27947,,,,,,,,,,,,,,,,,,,36639.1,,,,,,,,,,,,,
27940,,,,,,,,,,,,,,,,,,,,,,,,,,170185,,,,,,
27939,,,,,,,,,,,,,30505.3,,,,,,,,,,,,,,,,,,,
27937,,,,,,,,,,,,,,,,165902,98873.2,,,,,,,,,,,,,,,
27936,,,,112508,,,,,,,,,,,,,,,,,,,,,,,,,,,,
27924,,,,,,,,,,,42937,,,,,,,,,,,,,,,,,,,,47335.1,
27923,,,,,,,,,,,,,,,,,,,,,35644.1,,,,,,,,,,,
27920,,,,,,,,,,,,,,,,,,,,,,,,,,,,,,53277.1,,
27919,,,,128436,,,,,,,,,,,,,,,,,,,,,,,,,,,,
27894,,,,,,,,,46257.1,,,,,,,,,,,,,,,,,,,,,,,
27893,,,,,,,,,,,,,,,,,,,,,25849.4,,,,,,,,122112,,,
27892,,,,,115973,115973,,,,,,,,,,,,,,,,,,,,,,,,,,
27891,,,,303772,,,,,,,,,,,,,164913,136765,,,,,,,,,,,,,,
27890,,,,,,,,,,,,,,,,292569,,,129804,,,28919.7,,,,436084,,,,,,
27889,,,,,,,104054,104054,,,,,,,,,,,,65762,,,,,,,,122025,,,50054,
27876,,,,,,,,,,,,,,,,,,,,,,,,,,,138945,,,55690.9,,
27873,,,,260099,,,,,,,,,,,,,,,,,,,,,,,,,,,,
27870,,,,,,,,,,,,,,,,201043,,,,,,,,,,,,,,,,
27862,,,,,,,,,,33948.3,,,,,,,,,,,,,,,,,,,,,,
27852,,,,,,,,,,,,,,,,,,,,,,,,,,243422,,,,,,
27851,,,,,,,,,,,,,,,,,,86560.5,,,,,,,,,,87609.1,,,,
27850,,,,,,,,,,,,,,,,,,,,,,,,,,,103804,,,,,
27849,,,,,,,,,,,,28428.6,,,,,,,54355.4,,,,,,,,,,,,,
27840,,,,,79053.4,79053.4,,,,,,,,,,,,,,,,,,,,,,,,,,
27838,,,,,,,,,,,32078.5,,,,,,107109,,,,,,,,,,,,,,,
27832,,,,,,,,,,,,,,,,,,,,,,,,,,,,84670,,,,
27819,,,,,,,,,,,,,,,,,,,,,,,,,,242685,,,,,,
27812,,,,131136,,,,,,,,,,,,,,,,,,,,,,,,,,,,
27811,,,,,,,,,,,,,,,,242428,,,,,,,,,,,,,,,,
27808,,,,,78619.1,78619.1,,,,,,,,,,,,,,,,,,,,,,,,,,
27802,,,,,,,,,,,,,,,,,,,,,,,,,,,,,,52279.6,,
27799,,,,,,,,,,,42391.7,,,,,,,,,,,,,,,,,,,,,
27796,,,,,,,91734.7,91734.7,,,,,,,,,,,,,,,,,,,,,,,,
27794,,95104.8,,,,,,,,,,,28546.5,,,,,,,,,,,,,,,,,,,
27792,,,,,,,,,,38366.1,,,,,,,,,,,,,,,,,,,,,,
27786,,,,,,,,,,,,,,,,,,,,,,,,,,,,,,,,43940.4
27785,,,,,,,,,,,,,,,,,,130364,,,,,,,,,,,,,,
27784,,,,,,,,,,,,,,,,,,,57763.1,,,,,,,,,,,,,
27783,,,,271429,,,,,,,,,,,,389432,189419,,,,,,,,,,,,72837.4,,,
27782,,,,,147816,147816,,,,,,,,,,,,,,,,,,,,556700,,96082.5,,,,
27781,,,,,,,,,,,,,,,,,,,,,,,,,,,,,,,65266.1,
27780,,,,,,,,,,,,,,,,,,,,60029.5,,,,,,,,,,,,
27778,,,,,,,,,,,,,,,,,,,,,,,,,,,,,,69526,,
27764,,,161159,,,,,,,,,,,,,,,,,,,,,,,,,,,,,
27762,,,,,,,,,,,,,,,,195385,,,,,,,,,,,,,,,,
27760,,,,,,,,,,,,,,,,,,,,,,,,,,234807,,,,,,
27759,,,,,,,,,,,,,,,,,,,72931.6,,,,,,,,,,,,,
27755,,,,,,,,,,,,,,,,,,,,,,,,,,,,78638.3,,,,
27754,,,,,,,,,,,,,,,,,,,,,,,,,,,,,,,46461.5,
27743,,,,,,,,,,35159.4,,,,,,,,,,,,,,,,,,,,,,
27712,,131083,,,,,,,,,,,,,,,,,,,,,,,,,,,,,,
27710,,,,,,,,,,,,,,,,,,,,,,,,,,,,,75440,,,
27708,,,,,,,,,,,,,,,,,,104459,43115.4,,,,,,,,,,,,,
27706,,,,,,,,,,,,,,,,,,,,,,,,,,,,71220.6,,,,
27705,,,,,,,,,,,,,,,,,,,,,,,,252323,,,,,,,,
27704,,,,,,,70358.5,70358.5,,,,,,,,,,,,,,,,,,,,,,,,
27702,,,,,,,,,,,,,,315302,199619,,,,,,,,,,,,,,,,,
27700,,,136691,,,,,,,,,,,,,,,,,,,,,,,,,,,,,
27695,,,,,74241.4,74241.4,,,,,,,,,,,,,,,,,,,,,,,,,,
27689,,,,,,,,,,,,,,,,,,,,,,,,,,,,,,48828.3,,
27678,,201104,,,,,,,,,,,,,,,,,,,,,,476162,,,,,,,,
27677,,,,,,,,,,,,,,310972,,,,,,,,,,,,,,,,,,
27663,,,,,,,82520.5,82520.5,,,,,,,,,,,,,,,,,,,,,,,,
27662,,,,,,,,,,,,,,,,,,73644.7,,,,,,,,,,,,,,
27661,,,,,,,,,39531.5,,,,,,,,,,,,,,,,,,,,,,,
27660,,,,,,,,,,,,30231.5,,,,,,,,,,,,,,,,,,,,
27659,,,,190976,,,,,,,,,,,,,,,58061.8,,,,,,,396851,,,64682.3,,,
27658,,,,,,,,,,,,,,,,,123556,,,,,25780.7,,,,,,113879,,,,
27657,,,,,78381.9,78381.9,,,,,,,,,,285707,,,,56497.7,,,,,,,,,,,58317.1,
27655,,,,,,,,,,,,,,,,,,,,,,,,,,,,,,51531.7,,
27652,,,,,,,,,,,35032.7,,,,,,,,,,,,,,,,,,,,,
27645,,,,,,,,,,,,,,,,,,,,,,,,,,,,,,,,35966.9
27603,,,,,,,,,,,,,,,,,,,59363.2,,,,,,,,87324.7,,,,,
27600,,,,,,,,,,,,,,,,,,,,,,,,,,,,,73446.1,,,
27599,,,,,,,58867.7,58867.7,,,,,,,,,,,,,,,,,,,,,,,,
27598,,,,,,,,,,,,,,,,,,76309.9,,,,,,,,,,,,,,
27569,,145683,,,,,,,,,,,,,,,,,,,,,,561760,,,,,,,,
27568,,,,,,,,,,,,,,380102,,,,,,,,,,,,,,,,,,
27565,,,,,,,,,,,,,,,,,,,,,28661.6,26123.4,,,,,,,,,,
27564,,,,,,,,,,,,,,,,,,,,,,,,,,,,,,,42511.8,
27563,,,,,,,,,,,,,,,,,,,,,,,,,,,,83113.4,,,,
27562,,,,,,,,,,,,,,,,,,,37308.6,55960.2,,,,,,,,,,,,
27561,,,,,,,,,,,,,,,,,,,,,,,,,,,96623.4,,70336.4,,,
27560,,,,,,,,,,,,,,,,,,64614.6,,,,,,,,,,,,,,
27532,,,,,,,,,,35641.6,,,,,,,,,,,,,,,227786,,,,,,,
27531,,,136380,,,,,,,,,,,,,,,,,,,,,,,,,,,,,
27526,,,,,,,,,,,,,21047.7,,,,,,,,,28531.5,,,,,,,,,,
27525,,,,,,,,,,,,,,,,,,,,,,,,,,,,,,,33826.5,
27520,,,,,,,64326.8,64326.8,,,,,,,,,,,,,,,,,,,,,,,,
27515,,,,,,,,,,,,,,,,,,,,,,,,,,,,80697,,,,
27510,,112722,,,,,,,,,,,,,,,,,,,,,,,,,,,,,,
27509,,,,,,,,,,,,,,,,,,,,,,,,271776,,,,,,,,
27446,,,,,,,,,,,,,,,,,,,,,,,,332781,,,,,,,,
27441,,,,,,,,,39179.4,,,,,,,,,,,,,,,,,,,,,,,
27424,,,,,,,,,,,,,,,,,,,51407.2,,,,,,,,,,,,,
27395,,,,,,,,,,,,,,,,,,,,,17671.8,,,,,,,,,,,
27371,,,,,,,,,,,,,,,,,,,32239.4,,,,,,,,,,,,,
27337,,71830.9,,,,,,,,,,,,,,,,,,,,,,,,,,,,,,
27294,,,,,,,,,,,,,,,,,,,,,,,,,,,,63482.3,,,,
27249,,,,,,,,,,,,,,,,,,,,,22605,,,,,,,,,,,
