,Sample name,JW_06092021_HILIC_Andrea_Ray_N331Q_1,JW_06092021_HILIC_Andrea_Ray_N331Q_1,JW_06092021_HILIC_Andrea_Ray_N331Q_1,JW_06092021_HILIC_Andrea_Ray_N331Q_1,JW_06092021_HILIC_Andrea_Ray_N331Q_1,JW_06092021_HILIC_Andrea_Ray_N331Q_1,JW_06092021_HILIC_Andrea_Ray_N331Q_1,JW_06092021_HILIC_Andrea_Ray_N331Q_1,JW_06092021_HILIC_Andrea_Ray_N331Q_1,JW_06092021_HILIC_Andrea_Ray_N331Q_1,JW_06092021_HILIC_Andrea_Ray_N331Q_2,JW_06092021_HILIC_Andrea_Ray_N331Q_2,JW_06092021_HILIC_Andrea_Ray_N331Q_2,JW_06092021_HILIC_Andrea_Ray_N331Q_2,JW_06092021_HILIC_Andrea_Ray_N331Q_2,JW_06092021_HILIC_Andrea_Ray_N331Q_2,JW_06092021_HILIC_Andrea_Ray_N331Q_2,JW_06092021_HILIC_Andrea_Ray_N331Q_2,JW_06092021_HILIC_Andrea_Ray_N331Q_2,JW_06092021_HILIC_Andrea_Ray_N331Q_2,JW_06092021_HILIC_Andrea_Ray_N331Q_3,JW_06092021_HILIC_Andrea_Ray_N331Q_3,JW_06092021_HILIC_Andrea_Ray_N331Q_3,JW_06092021_HILIC_Andrea_Ray_N331Q_3,JW_06092021_HILIC_Andrea_Ray_N331Q_3,JW_06092021_HILIC_Andrea_Ray_N331Q_3,JW_06092021_HILIC_Andrea_Ray_N331Q_3,JW_06092021_HILIC_Andrea_Ray_N331Q_3,JW_06092021_HILIC_Andrea_Ray_N331Q_3,JW_06092021_HILIC_Andrea_Ray_N331Q_3
,Peak #,1,2,3,4,5,6,7,8,9,10,11,12,13,14,15,16,17,18,19,20,21,22,23,24,25,26,27,28,29,30
Name,
31874,,,,,,,,,,,,,,,,,,,,,25827.6,,,,,,,,,,
31851,,,,,,,,,,,,,,,,,,,,,,,,,,,,,37655.2,,
31822,,,,,,,,,,24955.5,,,,,,,,,,,,,,,,,,,,,
31810,,68032,,,,,,,,,,,,,,,,,,,,,,,,,,,,,
31803,,,,,,,,,,,,,,,,,,,,,,,,,32109.8,,,,,,
31784,,76347.1,,,,,,,,,,,,,,,,,,,,,,,,,,,,,
31637,,,,,,,,,,26914.3,,,,,,,,,,,,,,,,,,,,,
31624,,,,,,,,,,,,,,,,,,,,,,73600,,,,,,,,,
31613,,,,,,,,,,,,,,,,,,,,36678.5,,,,,,,,,,,
31591,,,,,,,,,,,,,,,,,,,,35342.4,,,,,,,,,,,
31590,,,,,,,,,,38389,,,,,,,,,,,,,,,,,,,,,
31562,,,,,,,,,,,,,,,,,,,,34074.7,,,,,,,,,,,
31540,,,,,29160.6,,,,,,,,,,,,,,,,,,,,,,,,,,
31536,,,,,,,,,,,,,,,,,,,,40592.2,,,,,,,,,,,
31503,,,,,,,,,,,58664.3,,,,,,,,,,,,,,,,,,,,
31497,,,,,,,,,,,,,,,,,,,44830.3,,,,,,,,,,,,
31476,,,,,,,,,,38385.3,,,,,,,,,,,,,,,,,,,,,
31473,,,,,,,,,,,71277.6,,,,,,,,,,,,,,,,,,,,
31470,,,,,,,,,,,,,,,,,,,,,,,,,,,,,,,36774.5
31468,,,,,,,,,,,,,,,,,,,,27834.5,,,,,,,,,,,
31467,,,,,,,,,,,,,,,,,,,,,52548.1,,,,,,,,77638.7,,
31459,,,,,,,,,,,,,,,,,,,,,,,,,,,,,,33710.8,
31442,,,,,,,,,,,,,,,,,,,,,,,,,,,,,,,35781
31432,,,,,,,,,,,,,,,,,,,,,,,,,,,,,52059.5,,
31431,,,,,,,,,,,,,,,,,,,,,40720.6,,,,,,,,,51478.6,
31413,,,,,,,,,,,,,,,,,,,,,,,,,,,,52195,,,
31411,,,,,,,,,,,,,,,,,,,,,,,,,,,,,50038.5,62246.4,
31409,,,,,,,,,,,,,,,,,,,71819.1,,,,,,,,,,,,
31408,,,,,,,,,,,,,,,,,,,,24794.6,,,,,,,,,,,
31403,,,,,,,,,40108.4,,62485.1,,,,,,,,,,,,,,,,,,,,
31399,,,,,,,,,,,,,,,,,,,,,,,,,,,,,,,67165.8
31390,,,,,,,,,,,,,,,,,,,63574.6,,,,,,,,,,,,
31387,,,,,,,,,,,,,,,,,,,,,89431.1,,,,,,,,,,
31375,,,,,,,,,,,43537.9,,,,,,,,,,,,,,,,,,,,
31373,,,,,,,,,,62605.7,,,,,,,,,,,,,,,,,,,,,
31359,,,,,,,,,,,,,,,,,,,,,,,,,,,,,86413.8,,
31346,,,,,,,38681.4,,,,,,,,,,,,,,,,,,,,,,,,
31339,,,,,,,,,,,,,,,,,,,58927.1,,,,,,,,,,,,
31338,,,,,,,,,,,,,,,,,,,,,,,,,,,,,,,42061.1
31333,,,,,,,,,,30077.5,,,,,,,,,,,,,,,,,,,,,
31330,,,,,,,,59081.7,,,,,,,,,,,,,103618,,,,,,,,,,
31328,,,,,,,,,,,,,,,,,,,,,,,,,,,,,79697.4,,
31326,,,,,,,,,,,,,,,,41085.8,,,,,,,,,,,,,,,
31324,,,,,,,43355,,,,90832.3,,,,,,,,,,,,,,,,,,,,
31322,,,,,,,,,,,,,,,,,,,,,,,,,,39377,,,,,
31305,,,,,,,,,,51478.6,,,,,,,,,,,,,,,,,,,,,
31295,,,,,,,,,,,,,,,,,,,,,88387.8,,,,,,,,,,
31289,,,,,,,,,,,52046.2,,,,,,,,,,,,,,,,,,,,
31276,,,,,,,,,,,,,,,,,,,72815.2,,,,,,,,,,,,
31269,,,,,,,,,,,,,,,,,,,,,,,,,,,,,,47044.8,
31263,,,,,,,,,,,,,,,,67519.4,,,,,,,,,,,,,,,58489.5
31256,,,,,,,57242.3,,,,,,,,,,,,,,,,,,,,,,,,
31255,,,,,,,,,,,,,,,,,,,,105700,,,,,,,,,,,
31254,,,,,,,,,,,,,,,,,,,,,,,,,,40085.6,,,,,
31253,,,,,,,,,,,,,,,,,,,,,53389.3,,,,,,,,,,
31252,,,,,,,,64972.4,,,,,,,,,,,,,,,,,,,,,,53745.8,
31247,,,,,,,,,,,,,,,,,,,,,,,,,,,36901.3,,,,
31246,,,,,,,,,,64063,85904.7,,,,,,,,,,,,,,,,,,,,
31244,,,,,,,,,,,,,,,,,,,,,,,,,,,,62709.5,,,
31242,,,,,,,,,,,,,,,,,,,,,,,,,,,,,,,61982.2
31238,,,,,,,43119.6,,,,,,,,,,,,,,,,,,,,,,,,
31235,,,,,,,,,,,,,,,,,,,83241.2,,,,,,,,,,,,
31226,,,,,,,,,,,,,,,,,,,,,,,,,,,,,59552.4,,
31222,,,,,,,,,,,,,,,,,,,,,,,,,,47149.4,,,,,
31219,,,,,,,,,,72037,,,,,,,,,,,,,,,,,,,,,
31218,,,,,,,,205255,,,,,,,,,,,72767.6,,,,,,,,72829.3,131973,,61406.5,
31217,,,,,,49310.5,,,87958.4,,113504,,,,,44497.8,,75361.3,,,,,,,,,,,,,
31216,,,,,,,,,,,,,,,,,,,,97474.7,,,,,,,,,,,
31215,,,,,,,95129.6,,,,,,,,,,,,,,,,,,,,,,,,
31211,,,,,,,,,,,,,,,,,,,,,,,,,,,,,,,70576.3
31210,,,,,,,,,,,,,,,,,,,,,95264.1,,,,,,,,,,
31195,,,,,,,,56882.4,,,,,,,,,,,,,,,,,,,,,,,
31193,,,,,,,,,,,,,,,,,,,,78824.3,,,,,,,,,,,
31192,,,,,29969.4,,,,,,,,,,,,,,,,,,,,,,,,,,
31191,,,,,,,,,,,,,,,,,63012,,,,,,,,,47406.3,,,,,
31190,,,,,,,,,,98121.3,,,,,,,,,,,,,,,,,,,,,
31189,,,,,,,,,,,,,,,,,,,,,,,,,,,,,,75542.2,
31186,,,,,,,,,65427.8,,94770.8,,,,,,,,,,,,,,,,,,,,
31184,,,,,,,,,,,,,,,,,,,100718,,,,,,,,,,,,
31177,,,,,,,,,,,,,,,,,,,,,,,,,,,,,,,45908.8
31176,,,,,,,,,,,,,,,,,,,,,,,,,,,,,96515.7,,
31175,,,,,,,,,,,,,,,,,,50905.5,,,,,,,,,,,,,
31171,,,,,,,81076.9,,,,,,,,,,,,,,,,,,,,,,,,
31170,,,,,,,,,,,,,,,40612.1,,,,,,105005,,,,,,,,,,
31165,,,,,,,,,,,,,,,,,,,,35461.8,,,,,,,,,,,
31154,,,,,,,86606.7,,,,,,,,,,,,,,,,,,,,,,,,
31153,,,,,,,,55730.1,,,,,,,,,,,,,,,,,,,,,,,
31152,,,,,,,,,,,,,,,,,,,,,,,,,,,71887.6,,,,
31146,,,,,,,,,,,,,,,,,,,,,127841,,,,,,,,,,
31143,,,,,,,,,,,,,,,,,,,,,,,,,,,,53318.2,,,
31142,,,,,,,,,,,,,,,,59210.8,,,,,,,,,,,,,,,
31136,,,,,,,,,133407,,,,,,,,,,,163900,,,,,,,,,,162250,
31135,,,,,,,,,,,,,,,,,,72846.6,,,,,,,,,,,,,152400
31134,,,,,,,,,,207234,204917,,,,,,,,,,,,,,,,,,,,
31133,,,,,,,,,,,,,,,,,,,103324,,,,,,,,67559.3,,,,
31132,,,,,,,57228.4,,,,,,,,,,,,,,,,,,,,,,126001,,
31116,,,,,,,,42799.5,,,,,,,,,,,,,,,,,,,,54511,,,
31113,,,,,,,,,,,,,,,,42340,,,,,,,,,33514.4,,,,,,
31109,,,,,,,,,76327,,,,,,,,,,,,,,,,,,,,,,
31108,,,,,,,,,,,,,,,,,,,,,,,,,,,,,,,83802.8
31105,,,,,,,,,,,,,,,,,,53260.3,77560.1,,,,,,,,,,,,
31104,,,,,,,54699.3,,,,,,,,,,,,,,,,,,,,,,,,
31102,,,,,,,,,,,140436,,,,,,,,,77838.5,102316,,,,,,,,,,
31101,,,,,,,,,,110410,,,,,,,,,,,,,,,,,,,,,
31097,,,,,,,,,,,,,,,,,,,,,,,,,,,,,,75124.5,
31096,,,,,,,,,,,,,,,,,,,,,,,,,,,,,72282.7,,
31095,,,,,,,,,,,,,,,,,,,,,,,,,,,69540.4,,,,
31090,,,,,,,,63819.2,,,,,,,,,,,,,,,,,,69790.2,,,,,
31078,,,,,,,,,,92592.4,,,,,,,,,,,,,,,,,,,,,
31077,,,,,,,,,,,,,,,,,,118436,,,,,,,,,,,,,
31076,,,,,,,,,,,,,,,,,,,,,,,,,,,,113795,,,
31075,,,,,,,,,,,123169,,,,,,,,,,,,,,,,,,,97620.1,
31074,,,,,,,,,,,,,,,,,,,,,,,,,,,,,117720,,
31073,,,,,,,,,173756,,,,,,,,,,,,165164,,,,,,,,,,
31071,,,,,,,102925,80275.5,,,,,,,,,,,,103508,,,,,,,,,,,
31070,,,,,,,,,,,,,,,,,,,139544,,,,,,,,,,,,
31068,,,,,,44918.9,,,,,,,,,,,,,,,,,,,,,,,,,
31062,,,,,,,,,,,,,,,,,,,,,,,,,,56796.9,,,,,
31059,,,,,,,,,,,,,,,,63817.5,,,,,,,,,,,,,,,
31048,,,,,,,,,,,,,,,,,,,,,,,,,,,77991.5,,,109533,
31046,,,,,,,,,,,,,,,,,,97509,,,,,,,,,,,,,
31042,,,,,,,,,,,,,,,,,,,104224,,,,,,,,,,,,
31039,,,,,,,,,116838,,,,,,,,,,,,,,,,,,,,,,
31037,,,,,,,,82460.6,,,,,,,,,,,,,,,,,,68509.8,,,135459,,
31036,,,,,,,86769,,,,,,,,,,,,,114597,,,,,,,,,,,
31033,,,,,,,,,,108806,,,,,,,,,,,,,,,,,,,,,
31031,,,,,,,,,,,,,,,,,,,,,,,,,,,81716.5,51936.4,,,42035.5
31029,,,,,,,,,,,,,,,,,,,,,70737.2,,,,,,,,,,
31024,,,,,,,,,,,,,,,44670.4,,,,,,,,,,,,,,,,
31022,,,,,,,,,,,,,,,,,,82390.5,,,,,,,,,,,,,
31016,,,,,,,72978,,,,,,,,,,,,,,,,,,,,,,,,
31013,,,,,,,,,,,,,,,,,,,,,,,,34302.1,,,,,,,
31011,,,,,,,,,,,,,,,,46665,,,,,,,,,,,,,,,
31010,,,,,,,,,,,,,,,,,43987.6,,,,,,,,,,,,,,
31006,,,,,,,,,,,,,,,,,,,,,,,,,,57229.7,,,,,
30994,,,,,,,,,,,,,,,,,,,,,,,,,,,59191.9,,,,
30993,,,,,,85034.2,,,,,,,,,,,,,,,,,,,,,,,,,
30992,,,,,,,,,95159.8,,,,,,,,,,,,,,,,,,,,,,
30991,,,,,,,,,,,,,,,,,,,,,,,,,,,,,139989,,
30990,,,,,,,,,,,,,,,,,,,,,,,,,,,,,,307005,
30989,,,,,,,,,,292030,332017,,,,,,83430.6,,166470,224629,,,,,,,,,,,
30988,,,,,,,117287,,,,,,,,,,,,,,276648,,,,,,,,,,200485
30986,,,,,,,,,,,,,,,,,,,,,,,,,,,,108540,,,
30975,,,,,,,,,,,,,,,,,,,,,,,,,,59071.7,,,,,
30971,,,,,,,,,,,,,,,,80062,,,,,,,,,,,,,,,
30968,,,,,66042.4,,,,,,,,,,,,,,,,,,,,,,,,,,
30967,,,,,,,,,,,,,,,,,,,,,,,,,,,85815.1,,,,
30965,,,,,,,,,,,,,,,,,,,,,,,,,,,,104239,,,
30962,,,,,,,,122994,,,,,,,,,,,,,,,,,,,,,,,
30960,,,,,,,,,,,,,,,,,,77236.8,,,117739,,,,,,,,,,63571
30959,,,,,,,,,,,,,,,,,,,173511,,,,,,,,,,,,
30958,,,,,,,,,208809,,,,,,,,,,,,,,,,,,,,,,
30957,,,,,,,,,,171360,,,,,,,,,,154521,,,,,,,,,,,
30956,,,,,,,,,,,160658,,,,,,,,,,,,,,,,,,173755,130314,
30950,,,,,,,107275,,,,,,,,,,,,,,,,,,,,,,,,
30948,,,,,,,,,,,,,,,,,,,,,,,,34492.4,,,,,,,
30947,,,,,,105308,,,,,,,,,,,,,,,,,,,,79751.9,,,,,
30946,,,,,,,,,,,,,,,,,91758.8,,,,,,,,,,,,,,
30935,,,,67833.6,,,,,,,,,,,,,,,,,,,,,,,,,,,
30934,,,,,,,,,,,,,,,,,,,,,,,,,,,98988.3,,,,
30932,,,,,,,,,,,125553,,,,,,,,,,,,,,,,,,,,
30931,,,,,,,115859,,,,,,,,,,,,,,,,,,,,,,,,
30928,,,,,,,,,204870,,,,,,,,,132531,,,,,,,,,,,177916,,105013
30926,,,,,,,,,,207015,,,,,,,,,,,,,,,,,,,,,
30925,,,,,,,,,,,,,,,,,,,166244,124755,,,,,,,,101075,,,
30923,,,,,,,,,,,,,,,,,,,,,137473,,,,,,,,,,
30922,,,,,,,,84360.7,,,,,,,,,,,,,,,,,,,,,,124966,
30919,,,,,,,,,,,,,,,,90558.1,,,,,,,,,,,,,,,
30912,,,,,,99437.4,,,,,,,,,,,,,,,,,,,,,,,,,
30909,,,,,,,103076,,,,,,,,,,,,,,,,,,,,,,,,
30902,,,,,,,,,,,132806,,,,,,,,,,,,,,,,,,,,94842.6
30899,,,,,,,,,,,,,,,,,65882.8,,,,,,,,,68685.5,,,,,
30898,,,,,,,,,,,,,,,,,,,,,,,,,,,92120,,,,
30897,,,,,48385.8,,,,,,,,,,,,,,,,,,,,,,,,,,
30896,,,,,,,,,,,,,,,,79503.5,,,,,,,,,,,,,,,
30891,,,,,,,,,,,,,,,,,,,,,,,,,,,,144779,,,
30890,,,,,,,,,,,,,,,,,,,,,110749,,,,,,,,,,
30889,,,,,,,,,212301,,,,,,,,,,134787,,,,,,,,,,,171163,
30887,,,,,,,,,,179967,,,,,,,,,,,,,,,,,,,234734,,
30885,,,,,,,,,,,,,,,,,,163912,,176950,,,,,,,,,,,
30878,,,,,,,,,,,,,,,,,,,,,,,,,,96324.5,,,,,
30873,,,,,,,,,,,,,,,,123526,,,,,,,,,,,,,,,
30871,,,,,,,,,,,,,,,,,,,,,,,,,,,95797.7,,,,
30870,,,,,,114349,130487,,,,,,,,,,,,,,,,,,,,,,,,
30867,,,,,,,,,,,,,,,,,,,,,,,,,,,,103907,,,
30865,,,,,,,,147346,,,,,,,,,,,,,,,,,,,,,,,
30862,,,,,,,,,,,,,,,,,118713,,,,,,,,,,,,,,
30858,,,,,57062,,,,,,,,,,,,,,,,,,,,,,,,,,
30850,,,,,,,,,,,,,,31281.4,,,,,,,,,,,,,,,,,
30845,,,,,,,,,,,,,,,,,,,,,,,,,,,,,,,282263
30844,,,,,,,,,,1090070,,,,,,,,,,,323585,,,,,,,,,,
30843,,,,,,,,,1120650,,533096,,,,,,,474299,,684621,,,,,,,,,1048390,785242,
30842,,,,,,,154868,232043,,,,,,,,,,,939640,,,,,,,,,319658,,,
30841,,,,,,,,,,,,,,,,,,,,,,,,,,,122742,,,,
30840,,,,,,,,,,,,,,,,,118769,,,,,,,,,,,,,,
30839,,,,,,,,,,,,,,,,,,,,,,,,,,97275.9,,,,,
30838,,,,,,,,,,,,,,,105549,,,,,,,,,,,,,,,,
30834,,,,,,190626,,,,,,,,,,,,,,,,,,,,,,,,,
30833,,,,,59715.1,,,,,,,,,,,156367,,,,,,,,,,,,,,,
30823,,,,,,,,,,,,,,,,,,,,,,,,,78705,,,,,,
30820,,,,,,,163012,159978,,,,,,,,,,,,,,,,,,,,,,,
30819,,,,,,,,,,,,,,,,,143567,,,,,,,,,,,,,,
30818,,,,,,,,,,,,,,,,,,196047,,,,,,,,,,170444,,,
30815,,,,,,,,,269061,,79690,,,,82783.2,,,,,,,,,,,,,,,,
30814,,,,,,,,,,240718,,,,,,,,,,,,,,,,,,,,,
30813,,,,,,,,,,,,,,,,,,,229216,116067,,,,,,,,,,,
30812,,,,,,,,,,,,,,,,,,,,,,,,,,,,,199960,,
30811,,,,,,,,,,,,,,,,123335,,,,,,,,,,,,,,,71107.1
30810,,,,,,,,,,,,,,,,,,,,,,,,,,,,,,106611,
30805,,,,,76588.3,,,,,,,,,,,,,,,,,,,,,108826,,,,,
30801,,,,,,111054,,,,,,,,,,,,,,,,,,,,,,,,,
30795,,,,,,,,,,,,,,,,,,,,,148758,,,,,,,,,,
30791,,,,,,,185472,,,,,,,,,,,,,,,,,,,,,,,,
30788,,,,,,,,,,,,,,,,,,,,,,,,,,,,,,,74171.2
30787,,,,,,,,,,,,,,,,,182892,,,,,,,,,,,,,,
30785,,,,,,,,,,,,,,,,,,,,,,,,,,,176121,,,,
30784,,,,,,,,,,,,,,,,,,,,125091,,,,,,,,,,,
30783,,,,,,,,204922,,171124,,,,,,,,,,,,,,,,,,,,,
30782,,,,,,,,,,,,,,,,,,,,,,,,,,123634,,210634,,,
30780,,,,,,,,,274801,,91623.1,,,,,,,214043,177621,,,,,,,,,,283242,,
30779,,,,,,,,,,,,,,,,,,,,,,,,,38200.1,,,,,177747,
30778,,,,,,97928.7,,,,,,,,,,,,,,,109791,,,,,,,,,,
30771,,,,64895,,,,,,,,,,,,,,,,,,,,,,,,,,,
30770,,,,,98744.9,,,,,,,,,,,,,,,,,,,,,,,,,,
30763,,,,,,,,,,,,,,,123400,,,,,,,,,,,,,,,,
30756,,,,,,208010,,,,,,,,,,,,,,,,,,,,,,,,,
30755,,,,,,,292937,,,,143550,,,,,,,,,,136897,,,,,133362,,,,,
30754,,,,,,,,,,,,,,,,,,,,,,,,,,,193326,,,257176,
30753,,,,,,,,,,,,,,,,192162,,,,,,,,,,,,,,,103855
30752,,,,,,,,,,,,,,,,,,,,221140,,,,,,,,,,,
30751,,,,,,,,,,,,,,,,,202100,,,,,,,,,,,,,,
30740,,,,73156.5,,,,454522,,339620,,,,,,,,,,,,,,,,,,557713,,,
30739,,,,,,,,,862729,,,,,,,,,673264,529613,,,,,,,,,,,,
30738,,,,,,,,,,,,,,,,,,,,,,,,,,,,,630453,,
30733,,,,,132222,,,,,,,,,,,,,,,,,,,,,,,,,,
30724,,,,,,,,,,,,,,46713.9,,,,,,,,,,,,,,,,,
30723,,,,,,444794,,,,,,,,,,310529,,,,,,,,,,,,,,,
30722,,,,,,,,,,,,,,,,,,,,,,,,,,199771,,,,,
30721,,,,,,,,,,,,,,,,,,,,,,,,,120144,,,,,,
30717,,,,58751.7,,,,,,,,,,,,,,,,,,,,,,,,,,,
30716,,,51701.8,,,,,,,,,,,,113567,,,,,,,,,,,,,,,,
30714,,,,,,,369977,,,,,,,,,,282177,,,,,,,,,,,,,,
30713,,,,,,,,,,,,,,,,,,,,,,,,,,,309332,,,,
30712,,,,,,,,,,,,,,,,,,,,,,,,,,,,,,,243854
30710,,,,,,,,,,,,,,,,,,,,,238985,,,,,,,,,,
30708,,,,,,,,331382,,,,,,,,,,,,,,,,,,,,,,,
30699,,,,,,,,,,,,,,,,,,,,,,,,,,,,368001,,,
30698,,,,,,,,,1085450,1147680,374007,,,,,,,421245,1024780,757966,,,,,,,,,1233290,884536,
30697,,,,,,,,,,,,,,,108111,,,,,,,,,,,,,,,,
30693,,,,,113016,,,,,,,,,,,,,,,,,,,,,,,,,,
30689,,,,,,,,,,,,,,,,,,,,,,,,,85083,,,,,,
30681,,,,46545.2,,,,,,,,,,,,,,,,,,,,,,,,,,,
30680,,,,,,,,,,,,,,66172,,,,,,,,,,,,,,,,,
30677,,,,,,209321,,,,,,,,,,,,,,,,,,,,166468,,,,,
30676,,,,,,,434730,,,,,,,,,,576927,,,,,,38873.2,,,,463569,,,,
30675,,,,,,,,538593,,,,,,,,,,,,,,,,,,,,,,,69156.3
30674,,,,,,,,,,,,,,,,,,447740,,,,,,,,,,427197,,,
30672,,,,,,,,,268075,,,,,,,,,,,,,,,,,,,,,,
30671,,,,,,,,,,,,,,,,168311,,,,,,,,45176.5,,,,,,,
30670,,,,,,,,,,133926,,,,,,,,,186252,109337,,,,,,,,,,,
30669,,,,,,,,,,,94810.8,,,,,,,,,,,,,,,,,,156391,,
30661,,,,,,,,,,,,,,104707,,,,,,,,,,,,,,,,,
30660,,,,64350.6,,,,,,,,,,,,,,,,,,,,,106949,,,,,,
30657,,,,,134000,,,,,,,,,,,,,,,,,,,,,,,,,,
30654,,,,,,,,,,,,,,,124947,,,,,,,,,,,,,,,,
30647,,,,,,,,,,,,,,,,,,,,,,,42855.9,,,,,,,,
30644,,,,,,,,,,,,,,,,,,,,,,,,,,,,,,171128,
30643,,,,,,,,,,,,,,,,,,,,185293,,,,,,,,,,,
30642,,,,,,,581294,,,,,,,,,,,,,,,,,,,,,,,,
30641,,,,,,426258,,,,,,,,,,,,,,,,,,,,,,,,,
30640,,,,71127.7,,,,,,276541,,,,,,,,,,,,,,,,,,,,,
30639,,,,,,,,,,,,,,,,,,,340321,,,,,,,290485,,,,,
30638,,,,,,,,,,,,,,,,308573,,,,,,,,,,,,,,,
30637,,,,,,,,,,,,,,,,,611636,,,,,,,,,,465686,,,,
30636,,,,,142325,,,,,,,,,,,,,,,,,,,,116127,,,,,,86995.1
30635,,,,,,,,866425,591378,,,,,,,,,851975,,,,,,,,,,,431815,,
30634,,,,,,,,,,,,,,,,,,,,,163527,,,,,,,797621,,,
30633,,,,,,,,,,,159825,,,,,,,,,,,,,,,,,,,,
30632,,,,,,,,,,,,,,,161193,,,,,,,,,,,,,,,,
30628,,,,,,,,,,,,,,,,,,,,,,,43837.6,,,,,,,,
30626,,,,,,,,,,,,,,,,,,,,,,,,69107.6,,,,,,,
30612,,,,,208120,,,,,,,,,,,,,,,,,,,,218861,,,,,,
30611,,,,99369.3,,,,,,,,,,115281,,,,,,,,,,,,,,,,,
30610,,,,,,1015970,,,,,,,,,,,,,,,,,,,,,,,,,
30609,,,,,,,,,,,,,,,249780,708229,,,,266842,165541,,,,,548775,,,,317559,
30608,,,,,,,,,,359266,,,,,,,,,,,,,,,,,,,,,
30607,,,,,,,744090,,,,,,,,,,,,,,,,,,,,,,,,
30606,,,,,,,,,,,210962,,,,,,,,,,,,,,,,,,,,155380
30596,,,,,,,,,,,,,,,,,574071,,,,,,,,,,,,,,
30594,,,80896.2,,,,,825121,,,,,,,,,,846595,,,,,,102270,,,446630,,712319,,
30593,,,,,,,,,1003230,,,,,,,,,,595874,,,,,,,,,837920,,,
30582,,,,128832,,,,,,,,,,,,,,,,,,,,,,,,,,,
30577,,,,,260785,,,,,,,,,,,,,,,,,,,,,,,,,,
30576,,,,,,,,,,,,,,,218286,,,,,,,,,,154891,,,,,,
30573,,,,,,,,,,,,,,,,,,,,,,,,97828.5,,,,,,,
30572,,,,,,,,,,,,,,98845.3,,,,,,,,,,,,,,,,,
30570,,,,,,290786,,,,,,,,,,,,,,,,,,,,,,,,,
30569,,,73107.9,,,,,,,,,,,,,301644,551865,,,,168779,,,,,247891,,,,,
30568,,,,,,,502798,,,,,,,,,,,,,,,,,,,,449818,,,,
30566,,,,,,,,,,,224515,,,,,,,,,,,,,,,,,,,,
30555,,,,,,,,,,,,,,,,,,,,,,,,,,,,,,,161335
30553,,,,,,,,,,,,,,,,,,,,398392,,,,,,,,,,,
30552,,,,,,,,,,668267,,,,,,,,,,,,,,,,,,,,404939,
30551,,,,,,,,,,,,,,,,,,,892391,,,,,,,,,,1026300,,
30550,,,,,,,,,1199620,,,,,,,,,648858,,,154912,,,,,,,,,,
30547,,,,,,,,,,,,,,120267,,,,,,,,,,,,,,,,,
30545,,,,,,,,,,,,,,,,,,,,,,,51851.4,,,,,,,,
30543,,,,,,,,,,,,,,,,,,,,,,,,78538.4,,,,,,,
30540,,,59036,,,,,,,,,,,,,,,,,,,,,,,,,,,,
30531,,,,,249704,,,,,,,,,119552,,,,,,,,,,,,,,,,,
30530,,,,,,,2086410,2275330,,,,,,,,,2297420,1588040,,,,,,,180896,,2276020,1667140,,,
30529,,,,,,,,,531179,141034,,,,,,,,,255209,,128454,,,,,,,,251778,198094,
30528,,,,,,,,,,,183192,,,,,,,,,,,,,,,,,,,,
30527,,,,,,858979,,,,,,,,,,,,,,,,,,,,,,,,,
30526,,,,126108,,,,,,,,,,,286060,911986,,,,136617,,,,,,782740,,,,,
30525,,,,,,,,,,,,,,,,,,,,,,,,,,,,,,,138833
30519,,,74236.4,,,,,,,,,,,,,,,,,,,,,,,,,,,,
30514,,,,,,,,,,,,,,113573,,,,,,,,,,115708,,,,,,,
30503,,,97367.2,,,,,,,,,,,,,,,,,,,,,,,,,,,,
30497,,,,136573,422643,,,,,,,,,,,,,,,,,,,,,,,,,,
30496,,,,,,2232370,,,,,,,,,478352,1276170,,,,,,,,,400593,1001820,,,,,
30495,,,,,,,,,,389384,230079,,,,,,,,,,,,,,,,,,,,
30494,,,,,,,,,,,,,,,,,,,,,,,,88706.6,,,,,,,
30493,,,,,,,,,,,,,,108767,,,,,,,,,,,,,,,608809,223801,
30492,,,,,,,,,934131,,,,,,,,,,,,,,,,,,,,,,
30491,,,,,,,,,,,,,,,,,,,502252,,,,,,,,,,,,
30490,,,,,,,,,,,,,,,,,,,,242477,,,,,,,,,,,
30487,,,,,,,,,,,,,,,,,,,,,,,,,,,,1161210,,,
30486,,,,,,,,,,,,,59859.7,,,,,,,,,,,,,,,,,,
30485,,,77263.2,,,,,,,,,,,,,,,,,,,,,,,,,,,,
30483,,,,,,,,,,,,,,,,,,1235350,,,,,,,,,,,,,
30481,,,,,,,,1367960,,,,,,,,,,,,,,,,,,,,,,,
30480,,,,,,,,,,,,,,,,,,,,,216119,,,,,,,,,,
30479,,,,,,,2029300,,,,,,,,,,,,,,,,,,,,,,,,
30478,,,,,,,,,,,,,,,,866091,2019140,,,,,,,,,658711,1968620,,,,211580
30465,,,,,,,,,,,,,,,,,,,,,,,,186864,,,,,,,
30464,,,,,630422,,,,,,,,,,,,,,,,,,,,,,,,,,
30463,,,,160011,,,,,,,136179,,,,,,,,,,,,,,,,,,,,
30462,,,,,,,,,,,,,,153983,411876,,,,,,,,,,390469,,,,,,
30461,,,,,,,,,,180387,,,,,,,,,,,,,,,,,,,,,
30459,,,,,,511965,,,,,,,,,,,,,,,,,,,,,,,,,
30453,,,,,,,,,,,,,45681.8,,,,,,,,,,,,,,,,,,
30447,,,,,,,,443288,,,,,,,,,,410832,333769,,,,,,,,,,358750,,
30446,,,,,,,,,528849,,,,,,,,,,,,,,,,,,,454332,,,
30444,,,,,,,,,,,,,,,,,,,,79709.6,,,,,,,,,,,
30443,,,,,,,,,,,,,,,,,,,,,,,,,,,,,,89208,
30432,,,,,,,,,,,,,,,,,,,,,,,,137853,,,,,,,
30428,,,,,,,,,,,,,60084.9,153420,,,,,,,,,,,,,,,,,
30426,,,,,,,,443194,,,,,,,,,,,,,,,,,,,,,,,
30424,,,57216.1,,,,,,,,,,,,,,,,,,,,,,,,,355893,,,
30419,,,,,,,,,,,,,,,,,,,,,154979,,,,,,,,,,
30418,,,,,,,,,,,146710,,,,,,614346,,,,,,,,,,,,,,
30416,,,,,453016,,1187340,,,,,,,,,,,,,,,,,,,,762243,,,,
30415,,,,164982,,3008670,,,,,,,,,697932,,,,,,,,,,565073,,,,,,
30414,,,,,,,,,,,,,,,,2694850,,,,,,,95595.5,172309,,2578880,,,,265849,135654
30412,,,,,,,,,,,,,,,,,,,,234427,,,,,,,,,,,
30411,,,,,,,,,,300550,,,,,,,,,,,,,,,,,,,,,
30409,,,,,,,,,572343,,,,,,,,,,471770,,,,,,,,,,500401,,
30406,,,,,,,,,,,,,,,,,,449412,,,,,,,,,,,,,
30395,,,,,,,,,,,,,32381.2,,,,,,,,,,,,,,,,,,
30390,,,,,,,,1334620,,,,,,,,,,,,,,,,,,,,,,,
30389,,,,,,,,,,,,,,,,,,,,,,,,,,,,1162440,,,
30388,,,,,,,,,,,,,,,,,,961079,,,,,,,,,,,,,
30387,,,,,,,,,614737,,,,,,,,,,,,,,,,,,,,,,
30385,,,,,,,,,,,,,,,,,,,335419,,,,,,,,,,,,
30383,,,,,,,,,,,,,,,,,,,,,,,,,,,,,426994,,
30382,,,,,1217510,,,,,,,,,,1482280,,,,,,,,,,,,,,,,
30381,,,78385.2,,,,,,,,,,,,,,,,,,,,103145,,1216410,,,,,,
30380,,,,,,5945270,,,,,393883,,,,,,,,,,394874,,,,,,,,,,
30379,,,,,,,,,,,,,,,,,,,,,,,,,,,,,,274543,
30378,,,,,,,,,,,,,,,,4963880,,,,,,,,,,,,,,,
30377,,,,,,,,,,406186,,,,,,,,,,,,,,259068,,4382590,,,,,
30376,,,,,,,,,,,,,,275991,,,,,,338306,,,,,,,,,,,292444
30375,,,,261627,,,4617240,,,,,,,,,,,,,,,,,,,,,,,,
30374,,,,,,,,,,,,,,,,,3138950,,,,,,,,,,3412400,,,,
30363,,,,,,,,,,,,,71875.4,,,,,,,,,,,,,,,,,,
30355,,,,,,,,,,,,,,,,,,,,,,,108339,,,,,,,,
30349,,,,245522,1104630,,,,,,,,,268019,,,,,,,,,,296499,800777,,,,,,
30348,,,,,,,,,794914,,,,,,849134,,,,459681,,,,,,,,,,,,
30347,,,74198.1,,,,,,,,,,,,,,,,,,,,,,,,,,521220,,
30334,,,,,,,3786860,,,,,,,,,,,,,,,,,,,,,,,,255103
30333,,,,,,,,2065490,,,289949,,,,,,3877000,1299390,,,,,,,,,3722170,1455450,,,
30332,,,,,,,,,,232352,,,,,,,,,,227147,189037,,,,,,,,,233577,
30331,,,,,,,,,,,,,,,,1563460,,,,,,,,,,,,,,,
30330,,,,,,,,,,,,,,,,,,,,,,,,,,1321220,,,,,
30327,,,,,,1176320,,,,,,,,,,,,,,,,,,,,,,,,,
30325,,,,,,,,,,,,,91733.5,,,,,,,,,,,,,,,,,,
30322,,,101109,,,,,,,,,,,,,,,,,,,,107160,,,,,,,,
30320,,,,,,,,,,,,,,270904,,,,,,,,,,,,,,,,,
30319,,,,277867,,,,,,,,,,,,,,,,,,,,,,,,,,,
30317,,,,,,,,,,,,,,,969274,,,,,,,,,,831030,,,,,,
30316,,,,,1120810,,,,,,,,,,,,,,,,,,,,,,,,,,
30313,,,,,,,,,,,,,,,,,,,,,87393,,,,,,,,,,
30307,,,,,,,,,,,,,,,,,,,,,,,,204587,,,,,,,76807.9
30306,,,,,,,,,,,,,,,,199905,,,,,,,,,,,,,,,
30305,,,,,,,,,,,,,,,,,,,,118824,,,,,,,,,,,
30302,,,,,,,,,,110496,,,,,,,,,268396,,,,,,,,,,,,
30301,,,,,,,,,461165,,,,,,,,,,,,,,,,,,,,372995,,
30293,,,75280.6,,,,,,,,,,,,,,,,,,,,,,,,,,,,
30285,,,,,,,,2810790,,,,,,,,,,,,,,,,,,,,1418440,,,
30284,,,,,,,,,,,,,,,,,,1418980,,,,,,,,,,,,,
30269,,,190706,,,24230400,10483300,,,1279950,1369390,,202827,,7536070,23135700,,,,1058590,1258180,,289194,,6123350,21235200,6440210,,,1180430,1430680
30268,,,,1276790,4808310,,,,1277270,,,,,1098290,,,5329210,,1078910,,,,,1204930,,,,,1155700,,
30243,,,,,,,,1153640,,,,,,,,,,861487,,,,,,,,,,784091,,,
30242,,,,,,,,,339832,,,,,,,,,,,,,,,,,,,,,,
30236,,,,,,,,,,,,,,446413,,,,,,,,,83480.2,489676,,,,,,,
30235,,,,,1996370,,,,,,,,,,,,,,,,,,,,,,,,,,
30234,,,,,,,,,,,,,,,,,,,,,,,,,1556330,,,,,,
30233,,,,463601,,,,,,,,,81755.6,,1577850,,,,,,,,,,,,,,,,
30230,,,,,,,,,,,,,,,,,,,,,,,,,,,,,,,294504
30229,,,,,,,,,,,322474,,,,,,,,226912,314956,293041,,,,,,,,204257,,
30228,,,,,,4381630,4898180,,,260072,,,,,,4885630,3309280,,,,,,,,,4269730,3737920,,,311735,
30226,,,92206.8,,,,,,,,,,,,,,,,,,,,,,,,,,,,
30203,,,,,,,,,636436,,,,,,,,,,,,,,,,,,,,,,
30202,,,,754146,4548210,,,,,,,,169603,973283,4642350,,,697086,378337,,,,125914,988789,4200830,,,,483732,,212886
30201,,,150802,,,,,,,206991,,,,,,,,,,,136565,,,,,,,,,,
30200,,,,,,,,,,,208484,,,,,,,,,164313,,,,,,,,,,,
30199,,,,,,1877350,,,,,,,,,,,,,,,,,,,,,,,,,
30196,,,,,,,,,,,,,,,,,,,,,,,,,,,,,,117094,
30187,,,,,,,2816920,1168530,,,,,,,,,2645630,,,,,,,,,,2643480,704801,,,
30186,,,,,,,,,,,,,,,,1914000,,,,,,,,,,1579290,,,,,
30181,,,,,,,,,,,,,91241.6,,,,,,,,,,,,,,,,,,
30179,,,,,,,,,,,,,,247368,,,,,,,,,88383.3,294552,,,,,,,
30176,,,,264377,,,,,,,,,,,,,,,,,,,,,,,,,,,
30170,,,112573,,,,,,,,,,,,,,,,,,,,,,,,,,,,
30158,,,,,,,,,,,94682.9,,,,,,,,,,,,,,,,,,,,
30156,,,,,,,,,,,,,,,,,,,,98502.8,,,,,,,,,,,
30155,,,,,137882,,,,,,,,,,,,,,,,,,,,,,,,,,
30154,,,,,,,,,91823.7,,,,,,,,,,,,,,,,,,,,,,
30153,,,,,,,,,,,,,,,,,,,,,,,,,,,,132931,,,
30151,,,,,,,,,,,,,,,,,,,,,,,,,,,495200,,,,
30150,,,,,,,,,,,,,,,,,497330,,,,,,,,,,,,,84390.9,
30147,,,,,,,,177226,,,,,,,,,,,,,,,,,,,,,,,
30135,,,,,,3110750,,,,,,,,,,2489780,,,,,,,,,,2552510,,,,,
30134,,,,,,,736500,,,,,,,,,,,,,,,,,,,,,,,,
30133,,,,,,,,,,,,,,,,,,,,,,,,,,,510664,,,,
30132,,,,,,,,,,,,,,,,,327044,168746,,,,,,,,,,,,,
30127,,,,,,,,,185277,,,,,,,,,,,,,,,,,,,,175113,,113830
30126,,,,,,,,,,168030,,,,,,,,,,,,,,,,,,,,,
30125,,,,,,,,,,,186608,,,,,,,,176140,,,,,,,,,209299,,,
30124,,,,,,,,,,,,,,,,,,,,151712,175889,,,,,,,,,118276,
30123,,,,1319170,5892590,,,,,,,,193432,1796790,5159160,,,,,,,,,1998500,4958880,,,,,,
30122,,,,,,,,,,,,,,,,,,,,,,,215072,,,,,,,,
30121,,,241960,,,,,176780,,,,,,,,,,,,,,,,,,,,,,,
30098,,,,,,,,,49846.7,,,,,,,,,,,,,,,,,,,,,,
30096,,,,,,,912425,,,,,,,,,,,,,,,,,,,,,,,,
30095,,,,,,,,,,,,,,,,,561051,,,,,,,,,,566824,,,,
30092,,,,,,,,,,,,,,,,,,96288.5,,,,,,,,,,,,,
30089,,,,,,,,,,,,,,,,,,,,,,,,,,,,,,40918.1,
30088,,,,443132,,,,,,,84727.8,,,,,,,,,,,,,,,,,,,,139476
30086,,,,,,,,,,121194,,,,,,,,,,,,,158351,444575,,,,,120707,,
30085,,,,,,,,,,,,,,514873,,,,,,137029,126474,,,,,,,108154,,,
30084,,,,,,,,,,,,,,,,1162930,,,,,,,,,,,,,,,
30083,,,,,,,,101579,,,,,131533,,,,,,,,,,,,,1235690,,,,,
30082,,,,,2377020,1913260,,,,,,,,,2785190,,,,,,,,,,2493190,,,,,,
30081,,,130563,,,,,,,,,,,,,,,,,,,,,,,,,,,,
30076,,,,,,,,,,,,,,,,,,,33251.8,,,,,,,,,,,,
30061,,,,,,,,,,,,,,422199,,,,,,,,,,,,,,,,,
30060,,,,,,,,,,,,,,,,,,,,,,,,486982,,,,,,,
30059,,,,396135,,,,,,,,,,,,,,,,,,,,,,,,,,,
30058,,,,,,,,,,,,,,,,,,,,,,,117485,,,,,,,,
30057,,,89483.1,,,,,,,,,,,,,,,,,,,,,,,,,,,,
30056,,,,,,,,,,,,,94469.3,,,,,97180.4,,,,,,,,,,,,,
30055,,,,,,,,196870,,,,,,,,,497894,,,,,,,,,,445479,,,,
30053,,,,,,,,,,,,,,,,,,,,,,,,,,,,115135,,,
30049,,,,,,,,,47068,,,,,,,,,,,,,,,,,,,,,,
30044,,,,,,,567537,,,,,,,,,,,,,65634.3,,,,,,,,,,,
30042,,,,,,,,,,,,,,,,,,,107527,,,,,,,,,,,,
30041,,,,,,2248530,,,,,63083,,,,,1973720,,,,,102954,,,,,1920230,,,,,
30040,,,,,,,,,,,,,,,,,,,,,,,,,,,,,,83229.6,
30039,,,,,,,,,,,,,,,,,,,,,,,,,,,,,,,127324
30038,,,,,,,,,,101222,,,,,,,,,,,,,,,,,,,,,
30030,,,,,,,,,,,,,,,,,,,,,,,,,,,,,35689.9,,
30029,,,,1132400,,,,,,,,,,,,,,,,,,,,,,,,,,,
30028,,,,,,,,,,,,,,1165040,,,,,,,,,253060,,,,,,,,
30027,,,,,,,,,,,,,,,,,,85586.7,,,,,,1290540,,,,,,,
30026,,,,,,,,,40410.5,,,,191941,,,,,,,,,,,,,,,107586,,,
30025,,,257919,,2610310,,,,,,,,,,2145910,,,,,,,,,,1985830,,,,,,
30024,,,,,,,,,,,,,,,,,,,92365,,,,,,,,,,,,
30022,,,,,,,,,,,,,,,,,,,,,,,,,,,94740.1,,,,
30016,,,,,,,,,,,,,,,,,115378,,,,,,,,,,,,,,
30001,,,149041,,,,,,,,,,,,,,,,,,,,,,,,,,,,
30000,,,,,,,,,,62630.3,,,141608,,,,,,,,,,128150,,,,,,,,
29999,,,,,,,,,69844.6,,,,,,,,,,,,,,,,,,,,,,
29996,,,,,,,,,,,59031.9,,,,,,,,,,,,,,,,,76934.7,,,
29995,,,,,,,,,,,,,,,,,,,,,98643.9,,,,,355126,,,,,115985
29994,,,,,,,,,,,,,,,,396439,,,,,,,,,,,,,56259.3,,
29993,,,,,,614355,,103278,,,,,,,,,,,,,,,,,,,,,,69455.2,
29992,,,,,1712700,,160740,,,,,,,,1299540,,,51670.7,,,,,,,1240910,,148307,,,,
29979,,,,,,,,,,48969,,,,,,,,,99716.2,,,,,,,,,,,,
29978,,,,,,,,,,,46297.3,,,,,,,,,,,,,,,,,,,,
29977,,,,1420800,,,,,,,,,,1262010,,,,,,,,,444696,1404870,,,,,,,
29976,,,222736,,,,,,,,,,,,,,102998,,,,,,,,,,,,,67943.4,
29975,,,,,,,,,,,,,360675,,,,,,,,64842.4,,,,,,,,,,
29969,,,,,,,108589,,,,,,,,,,,,,,,,,,,,,,,,
29955,,,,,,,,,,,,,,,,,,,53692.3,,,,,,,,,,,,
29953,,,,,,,,,,,,,,,,325393,,,,,,,91775.4,,,,127905,,,,
29952,,,,,,,174846,,,,,,,,,,,,,,,,,,,,,,,,
29951,,,,,,,,,,,,,,,,,,,,,,,,,,297947,,,,,
29939,,,,,,,,,,,,,,,,,140110,,,,,,,,,,,94164.7,,,
29938,,,,,,,,,,,,,,,,,,,,,,,,,,,120240,,,,
29937,,,140714,,,,,,,,,,,,,,,97759,,,,,,,,,,,,,
29935,,,,,,664990,,,,,,,,,,395752,,,81476.9,,,,,,,411659,,,,,
29931,,,,,,,,,,,,,,,,,,,,,64136.6,,,,,,,,,,
29922,,,,,,,,,,,116841,,,,,,,,,,,,,,,,,,,,
29921,,,,,,,,,,119532,,,,,,,,,,,,,,,,,,73831.2,,121325,
29920,,,,3921670,3828840,,308136,142590,81044.2,,,,,4421420,2533110,,,,,,,,,4921180,2131820,,,,,,
29919,,72850.9,,,,,,,,,,,,,,,,,,107235,,,,,,,244147,,,,132141
29918,,,,,,,,,,,,,435545,,,,,109223,,,,129907,551923,,,,,,,,
29917,,,,,,,,,,,,,,,,,219664,,120895,,,,,,,,,,142388,,
29916,,,528208,,,,,,,,,,,,,,,,,,,,,,,,,,,,
29895,,,,,,1159430,,,,,,,,,,877681,,,,,,,,,,,,,,,93588.3
29894,,,,,,,,,,,,,,,,,,,,,,,,,,858560,,,,,
29886,,,,,,,,,,,,,401508,,,,,,,,,,417481,,,,,,,,
29884,,,340588,,,,,,,,,,,,,,,,,,,,,,,,,,,,
29881,,,,,,,,,,58672.5,,,,,,,,,,,,,,,,,,,,43274,
29880,,,,2004400,,,169844,,79830.4,,,,,2326720,,,147098,,,105876,95435.5,,,,,,,91961,,,
29879,,,,,5080710,,,,,,,,,,4173130,,,99958.1,149433,,,,,2629600,3976380,,136793,,112280,,
29878,,,,,,749941,,,,,,,,,,,,,,,,,,,,,,,,,
29851,,,181362,,,,,,,,,,,,,,,,,,,66281.3,,,,,,,,,
29850,,,,,,,,,,,,,,,,,,,,,,,265618,,,,,,,,
29849,,,,,,,,,,,,,297373,,,,,,33172.3,,,,,,,106069,,,,,
29848,,,,,,,,,,,,,,773653,,96455.6,,,,,,,,767431,,,,,,,
29847,,,,948147,,,,,,,,,,,,,,,,,,,,,,,,,,,
29846,,,,,362466,,,,,,,,,,270585,,,,,,,,,,,,,,,,
29845,,,,,,,,,,,,,,,,,,,,,,,,,176226,,,,,,
29842,,,,,,,91254.4,,,,,,,,,,,,,,,,,,,,,,,,
29841,,,,,,116021,,,,,,,,,,,,,,,,,,,,,,,,,
29837,,,,,,,,,,,,,,,,,,,,,,,,,,,54320.3,,,,
29836,,,,,,,,,,,,,,,,,41011.6,,,,,,,,,,,,,,
29835,,,,,,,,,,,,88527.1,,,,,,,,,,,,,,,,,,,
29830,,,156984,,,,,,,,,,,,,,,,,,,,177824,,,,,,,,
29824,,,,,,,,,,,,,,,,,,,,,,,,,,86171.8,,,,,
29808,,,,,,119955,,,,,,,,,,,,,,,,,,,,,,,,,
29802,,,,,,,,,,,,,,,,,69710,,,,,,,,,,,,,,
29799,,,649582,,,,,,,,,108521,483444,,,,,,,,,,433677,,,,,,,,
29789,,,,,,,,,,,,,,,,,,,,,,,,,336385,,,,,,
29788,,,,,,156287,,,,,,,,,386195,,,,,,,,,,,,,,,,
29787,,,,,570309,,,,,,,,,,,,,,,,,,,,,,,,,,
29786,,,,,,,,,,,,,,,,136793,,,,,,,,,,,,,,,
29785,,,,,,,,,,,,,,,,,,,,,,,,,,142417,,,,,
29783,,,,,,,97645.1,,,,,,,,,,,,,,,,,,,,,,,,
29781,,,,,,,,,,,,,,,,,,,,,,,,,,,,66098.2,,,
29775,,,,,,,,,,,,,,,,,,,,,,108470,,,,,,,,,
29774,,,,1794690,,,,,,,,,,1434600,,,,,,,,,,1205700,,,,,,,
29773,,,1188360,,,,,,,,,,1683300,,,,,,,,,,1672810,,,,,,,,
29770,,101624,,,,,,,,,,,,,,,,,,,,,,,,,,,,,
29765,,,,,,,,,,,,93483.5,,,,,,,,,,,,,,,,,,,
29760,,,,,,,64405.8,,,,,,,,,,,,,,,,,,,,,,,,
29750,,,,,,105063,,,,,,,,,,,,,,,,,,,,,,,,,
29748,,,,,,,,,,,,,,,,89199.5,,,,,,,,,553109,,,,,,
29741,,,,,,,,,,,,,,,,,,,,,,,,,,107695,,,,,
29734,,86090,,,,,60295.2,,,,,,,,,,,,,,,,,,,,,,,109505,
29733,,,545392,3253100,838979,,,,,,,,872339,3166020,616953,,,,,,,,1019460,3211670,,,49005.5,,,,
29730,,,,,,83475.3,,,,,,105927,,,,,,,,,,,,,,,,,,,
29699,,,,,,,,,,,,,,,68280.2,,,,,,,,,,,,,,,,
29689,,,,,,,,,,,,,,,,,,,,28638.9,,,,,,,,,,,
29686,,,,,,,,,,,,,,,,,,,67765.5,,,,,,,,,,,,
29685,,,,,,,,,,,,225499,,,,,,,,,,273869,,,,,,,,,
29684,,161687,1799240,862302,,,,,,,,,1620720,536307,,,,,,,,,1471840,377867,,,,,,,
29682,,,,,85128.4,,,,,,,,,,,,,,,,,,,,,,,,,,
29676,,,,,,,,,,,,,,,118829,,,,,,,,,,,,,,,,
29674,,,,,,,,,,,,,,,,58141.6,,,,,,,,,,,,,,,
29657,,,,,,,,,,,,,,,,74732.2,,,,,,,,,,,,,,,
29653,,,,,,,55273.1,,,,,,,,,,,,,,,,,,,,,,,,
29651,,,,,,,,,,,,,,,137402,,,,,,,,,,108120,,,,,,
29650,,,,,,,,,,,,,,,,,,,,,,,,,,38924.8,,,,,
29646,,,,,,,,,,,,,,482261,,,,,,,,,,,,,,,,,
29645,,,,469035,175405,,,,,,,,,,,,,,,,,,,372590,,,,,,,
29633,,71462.7,,,,,,,,,,,,,,,,,,,,,,,,,,,,,
29630,,,,,,,,,,,,,,,,,,,,,,,303619,,,,,,,,
29629,,,,,,,,,,,,,312789,,,,,,,,,114771,,,,,,,,,
29628,,,272037,,,,,,,,,,,,,,,,,,,,,,,,,,,,
29619,,,,,,,,,,,,,,105124,,,,,,,,,,,,,,,,,
29609,,,,,,,,,,,,105371,,,,,,,,,,,,,,,,,,,
29606,,,,,,,,,,,,,,,,,,,,,,,110654,,,,,,,,
29605,,,,,,,,,,,,,93810,,,,,,,,,,,,,,,,,,
29603,,,,,,,,,,,,,,,147059,,,,,,,,,,112462,,,,,,
29601,,,187106,,,,,,,,,,,,,,,,,,,,,,,,,,,,
29597,,82615.9,,,,,,,,,,,,,,,,,,,,,,,,,,,,,
29587,,,,,,,,,,,,,,,,,,,,,,,,1219030,,,,,,,
29586,,,,,321986,,,,,,,,,,,,,,,,,,,,,,,,,,
29585,,,,,,,,,,,,,,,,,,,,,,,,,187441,,,,,,
29584,,,,,,,,,,,,,,,218590,,,,,,,,,,,,,,,,
29573,,,,,,,,,,,43585.8,,,,,,,,,,,,,,,,,,,,
29572,,,,,,,104116,,77336.5,84821.3,,,,,,,,,,63038.8,,,,,,,,,,,
29571,,,,,,,,,,,,,,,,,59650.7,,,,82146.6,,7797380,,,,104255,,107628,70299,
29570,,2037730,7138080,3154310,,,,,,,,2665490,8156860,2168990,,,,,92919.5,,,3089130,,1611650,,,,59904.1,,,
29569,,,,,,,,,,,,,,,,,,101712,,,,,,,,,,,,,
29549,,,,,,,49480.5,,,,,,,,,,,,,,,,,,,,,,,,
29541,,,,,,,,,,,,138895,,,,,,,,,,,,,,,,,,,
29538,,,,,,,,,,,,,,,,,,,,,,99342.4,,,,,,,,,
29535,,,146835,,,,,,,,,,,,,,,,,,,,,,,,,,,,
29533,,,,127874,80421.6,,,,,,,,119444,,,,,,,,,,113004,,,,,,,,
29532,,,,,,,,,,,,,,,39616.4,,,,,,,,,119778,,,,,,,
29531,,,,,,,,,,,,,,109878,,,,,,,,,,,,,,,,,
29527,,,,,,,,,,,,,,,,42815.9,,,,,,,,,,,,,,,
29515,,,96226,,,,,,,,,,,,,,,,,,,,,,,,,,,,
29499,,,,,,,,,,,,,,,,86483.5,,,,,,,,,,,65120.9,,,,
29498,,,,,,,103128,,,,,,,,,,130974,,,,,,,146446,,86311.5,,,,,
29483,,141738,,,,,,,,,,,950433,,,,,,,,,,,,,,,,,,
29482,,,828926,289637,,,,,,,,,,,,,,,,,,239480,855862,,,,,,,,
29481,,,,,,,,,,,,193997,,228730,,,,,,,,,,145475,,,,,,,
29474,,,,,,,,,,,,,,,,,,32050.3,,,,,,,,,,,,,
29462,,,,,,,,,,,,,,,,,,,,,,,,,,45976.1,,,,,
29458,,,71211.3,,,,,,,,,,,,,,,,,,,,,,,,,,,,
29456,,,,131729,,,,,,,,,,,,,,,,,,,,,,,,,,,
29455,,,,,,,,,,,,,,138882,,,,,,,,,,,,,,,,,
29453,,,,,,,,,,,,,,,,,,,,,,,,113882,,,,,,,
29438,,,,,,,,,,,,,,,80580.4,,,,,,,,,,,,,,,,
29436,,,,,,,,,,,,,,100572,,,,,,,,,,,,,,,,,
29435,,,,150472,,,,,,,,,,,,,,,,,,,,,,,,,,,
29434,,,,,,,,,,29554.3,,,,,,,,,,,,120632,,89368.3,,,,,,,
29433,,,604399,,,,,,,,,,597864,,,,,,,,,,536068,,,,,,,,
29412,,,,,,,,,,,,,,,65361.9,,,,,,,,,,,,,,,,
29406,,,,72221.5,,,,,,,,,,,,,,,,,,,,,,,,,,,
29405,,,,,,,,,,,,,,,,,,,,,,,,61637.3,,,,,,,
29403,,,,,,,,,,,,,,80155.6,,,,,,,,,,,,,,,,,
29399,,,,,,,,,,,,,108083,,,,,,,,,,,,,,,,,,
29396,,,,,61544.3,,,,,,,,,,,,,,,,,,,,,,,,,,
29394,,,,,,,,,,,,,,,,,,,,,,,152019,,,,,,,,
29393,,,,,,,,,,,,,,,56598.7,,,,,,,,,,,,,,,,
29392,,,102940,,,,,,,,,,,,,,,,,,,,,,,,,,,,
29385,,,,83146.6,,,,,,,,,,,,,,,,,,,,,,,,,,,
29368,,,,,,,,,,,,,213044,,,,,,,,,,189832,,,,,,,,
29367,,,232213,,,,,,,,,,,,,,,,,,,,,,,,,,,,
29366,,,,,,,,,,,,188032,,,,,,,,,,,,,,,,,,,
29358,,,,,,,,,,,,,,,66633.8,,,,,,,,,,,,,,,,
29355,,,,,,,,,,,,,,,,,,,,,,89422.8,,,,,,,,,
29352,,,,,66312.2,,,,,,,,,,,,,,,,,,,,,,,,,,
29345,,,,,,,,,,,,,,,,,,,,,,,,,,48787.6,,,,,
29343,,,,,,,,,,,,,,,,,,,,,,,,282894,,,,,,,
29342,,,,449450,,,,,,,,,431089,346344,,,,,,,,,477641,,,,,,,,
29341,,,409142,,,,,,,,,,,,,,,,,,,,,,,,,,,,
29313,,,,,,,,,,,,,,63575.1,,,,,,,,,,,,,,,,,
29298,,,,40143.6,,,,,,,,,,,,,,,,,,,,,,,,,,,
29297,,,,,,,,,,,,,127287,,,,,,,,,,,,,,,,,,
29280,,,234671,,,,,,,,,,,,,,,,,,,187338,,,,,,,,,
29279,,123456,,,,,,,,,,237925,,,,,,,,,,,184055,,,,,,,,
29278,,,,,,,,,,,,,156583,,,,,,,,,,,,,,,,,,
29248,,,,,,,,,,,,,,50416.5,,,,,,,,,,,,,,,,,
29247,,,,,,,,,,,,,66374.4,,,,,,,,,,,,,,,,,,
29243,,,,,,,,,,,,,,,,,,,,,,,52164.6,,,,,,,,
29238,,,,38854,,,,,,,,,,,49103.5,,,,,,,,,,,,,,,,
29222,,,78099,,,,,,,,,,111430,,,,,,,,,,94568.1,,,,,,,,
29220,,,,,,,,,,,,,,,,,,,,,,98585.9,,,,,,,,,
29191,,,49132.5,,,,,,,,,,,,,,,,,,,,,,,,,,,,
29187,,,,,,,,,,,,,,,,,,,,,,,67155,,,,,,,,
29178,,,,,,,,,,,,,34493.7,,,,,,,,,,,,,,,,,,
29166,,,,,,,,,,,,,,,,,,,,,25330.2,,,,,,,,,,
29165,,,,,,,,,,,,,,,53224.3,,,,,,,,,,,,,,,,
29145,,,,,,,,,,,,,,,,,,,,,,,59919.8,,,,,,,,
29122,,,,,,,,,,,,,,,,,,,,,,,,,,,,,,,40928.1
29118,,,,,,,,,,,,,,,,,,,,,,,86173.9,,,,,,,,
29113,,,,38042.1,,,,,,,,,,,,,,,,,,,,,,,,,,,
29111,,68565.2,,,,,,,,,,,,,,,,,,,,,,,,,,,,,
29110,,,,,,,,,,,,,,43408.9,,,,,,,,,,,,,,,,,
29100,,,,,,,,,,,,,,,,,,,,,,,58788.3,,,,,,,,
29079,,,,44143.1,,,,,,,,,,,,,,,,,,,,,,,,,,,
29069,,,,,,,,,,,,,,,39030.7,,,,,,,,,,,,,,,,
29068,,,,,,,,,,,,,,,,,,,,,,,,,52001,,,,,,
29065,,,,,,,,,,,,,,,,,,,,,,,71693.9,,,,,,,,
29062,,,,,,,,,,,,,,42053.1,,,,,,,,,,,,,,,,,
29051,,,,,,,,,,,,,33367,,,,,,,,,,,,,,,,,,
29049,,,71265.5,,,,,,,,,,,,,,,,,,,,62425.5,,,,,,,,
29047,,,,,,,,,,,,,,,37981.7,,,,,,,,,,,,,,,,
29022,,,44017.7,,,,,,,,,,,,,,,,,,,,,,,,,,,,
29012,,,,,,,,,,,,,,,,,,,,,,,48414.1,,,,,,,,
29003,,,,,,,,,,,,,62361.2,,,,,,,,,,,,,,,,,,
28988,,93066.4,,,,,,,,,,,,,,,,,,,,,,,,,,,,,
28987,,,82041,,,,,,,,,367044,,,,,,,,,,248153,,,,,,,,,
28959,,,,,,,,,,,,,,,,,,,,,,,63242.9,,,,,,,,
28958,,,,,,,,,,,,,,62630.2,,,,,,,,,,,,,,,,,
28954,,,,49443.5,,,,,,,,,,,,,,,,,,,,,,,,,,,
28854,,,,,,,,,,,,,,37206.4,,,,,,,,,,,,,,,,,
28839,,,,,,,,,,,,,32219.8,,,,,,,,,,,,,,,,,,
28826,,,,,,,,,,,,396746,,,,,,,,,,264000,,,,,,,,,
28825,,169711,,,,,,,,,,,,,,,,,,,,,,,,,,,,,
28815,,,,,,,,,,,,,,,,,,,,,,,39670.4,,,,,,,,
28814,,,,,,,,,,,,,39809.4,,,,,,,,,,,,,,,,,,
28795,,,,,,,,,,,,,,,,,,,,,,,68211.8,,,,,,,,
28781,,,,,,,,,,,,,58642.8,,,,,,,,,,,,,,,,,,
28762,,,,,,,,,,,,,55565.4,,,,,,,,,,,,,,,,,,
28757,,,64724,,,,,,,,,,,,,,,,,,,,,,,,,,,,
28740,,,,,,,,,,,,,35239.9,,,,,,,,,,,,,,,,,,
28712,,,,,,,,,,,,,57146.4,,,,,,,,,,,,,,,,,,
28705,,70595.9,,,,,,,,,,,,,,,,,,,,,,,,,,,,,
28653,,,,,,,,,,,64385.8,,,,,,,,,,,,,,,,,,,,
28614,,,,,,,,,,,,,,,,,,,,,42364.6,,,,,,,,,,
28552,,,,,,,,,,,36947.5,,,,,,,,,,,,,,,,,,,,
28447,,,,,,,,,,,37370.4,,,,,,,,,,,,,,,,,,,,
28403,,,,,,,,48362.1,,,,,,,,,,,,,,,,,,,,,,,
28398,,,,,,,,,,,,,,,,,,,,,,,,,,,,,39482.7,,
28383,,,,,,,,,,,,,,,,,,,,,,,,,,,,,,22766.6,
28352,,,,,,,,46711.1,,,,,,,,,,,,,,,,,,,,,,,
28349,,,,,,,,,38381.8,,,,,,,,,,,,,,,,,,,,,,
28335,,,,,,,,,,,,,,,,,,,,,,,,,,,,71466.4,,,
28310,,,,,,,,48211.6,,,,,,,,,,,,,,,,,,,,,,,
28308,,,,,,,,,,39962.1,,,,,,,,,,,,,,,,,,,,,
28287,,,,,,,,,,,,,,,,,,,,,,,,,,,42347.5,,,,
28270,,,,,,,,,,,,,,,,,,,,,,,,,,,,,34937.6,,
28241,,,,,,,,,,,,,,,,,,,,,,,,,,,,,,,39413.8
28223,,,,,,,,,,,,,,,,,,,,,,,,,,,,68066.6,,,
28215,,,,,,,,,,,35799.9,,,,,,,,,,,,,,,,,,,,
28208,,,,,,,,,,,,,,,,,,,,,,,,,,,,,,22716.8,
28197,,,,,,,,,,,,,,,,,50198,,,,,,,,,,,,,,
28194,,,,,,,,,49718.2,,,,,,,,,,,,,,,,,,,,,,
28179,,,,,,,,,,,,,,,,,,,,,36035.8,,,,,,,,,,
28178,,,,,,,,51583.9,,,,,,,,,,,,60898.3,,,,,,,,,,,
28174,,,,,,,,,49921.1,,,,,,,,,,,,,,,,,,,,,,
28153,,,,,,,,,,,,,,,,,,46820.9,,,,,,,,,,,,,
28131,,,,,,,,,,,,,,,,,,,,25061,,,,,,,,,,,
28107,,,,,,,,,48409.4,,,,,,,,,,,,,,,,,,,,,,
28102,,,,,,,,,,18910.5,,,,,,,,,,,,,,,,,,,,,
28093,,,,,,43932,,,,,,,,,,,,,,,,,,,,,,,,,
28080,,,,,,,,,,,,,,,,,,,42453.2,,,,,,,,,,,,
28073,,,,,,,,61322.3,,,,,,,,,51081.6,,,,62938.2,,,,,,,,,,39898
28072,,,,,,,,,,,,,,,,,,53299.3,,,,,,,,,,,,,
28070,,,,,,,,,59269.4,,,,,,,,,,,,,,,,,,,,,,
28058,,,,,,,,,,,,,,,,,,,,,,,,,,,,,,34727.9,
28056,,,,,,,,,,,,,,,,,,,,,,,,,,,,,,,43437
28055,,,,,,75009.5,,,,,,,,,,,,,,,,,,,,,,,,,
28054,,,,,,,,,,,,,,,,,,60422.2,,,,,,,,,,63512.7,,,
28045,,,,,,,,66638.9,,,,,,,,,,,,,,,,,,,,,,,
28038,,,,,,,,,,,,,,,,,,,,,,,,,,,,,54280.9,,
28030,,,,,,,,,,,,,,,,,,,,,,,,,,,,,,,59726.3
28027,,,,,,,,,,,,,,,,,48380.8,,,,,,,,,,,,,,
28025,,,,,,,,,,,,,,,,,,71603.2,,,,,,,,,,,,,
28014,,,,,,,,,,,47324,,,,,,,,,,,,,,,,,,,,
28013,,,,,27182.7,,,,,,,,,,,,,,,,,,,,,36494.6,,,,,
28012,,,,,,,,,,,,,,,,,,,,,,,,,,,47852,,,,
28009,,,,,,,,78512.5,,,,,,,,,,,,,,,,,,,,,,,
28005,,,,,,,,,,,,,,,,,47942.1,,,,,,,,,,,,46075.9,,
28004,,,,,,,,,,,,,,,,,,,,,,,,,48455.8,,,,,,
27993,,,,,,,,,,,,,,,,,,69068,,,,,,,,,,,,,
27983,,,,,,,,,,,,,,,,,,,,,,,,,42760.1,,,,,,
27981,,,,,,,,,61559.3,,,,,,,57831.8,,,,,,,,,,,,,,,
27978,,,,,,,,68325.3,,,,,,,,,,,,,,,,,,,,,,,
27977,,,,,,,,,,,,,,,,,65621.7,,,,,,,,,,,,,,
27976,,,,,,,,,,,,,,,,,,,,,,,,,,,,46303.1,,,
27974,,,,,,,,,,,58102.8,,,,,,,,,,,,,,,,,,,,
27971,,,,,,,,,,,,,,,,,,,,,,,,,,,64523.9,,,,
27965,,,,,,45284.3,,,,,,,,,,,,,,,,,,,39101.5,,,,,,
27957,,,,,,,,51365.4,,,,,,,,,,,,,,,,,,,,,,,
27954,,,,,,,,,,,,,,,,,,52059.6,,,,,,,,,,,,,
27951,,,,,,,,,,,,,,,,,,,,,,,,,,,,,,,45921.7
27948,,,,,,,,,,,,,,,,56718.8,,,,,,,,,,,,,,,
27947,,,,,,,,,,,,,,,45314.5,,,,,,,,,,,,,,,,
27946,,,,,32222.6,,,,,,38715.9,,,,,,,,,,,,,,,,,,,,
27945,,,,,,,,,,,,,,,,,42738.8,,,,,,,,,,,,,,
27943,,,,,,41031.4,,,,,,,,,,,,,,,,,,,,,,,,,
27940,,,,,,,,,,,,,,,,,,,,,,,,,48893.2,,,,,,
27938,,,,,,,,,,,,,,,,,,,33425.3,,,,,,,,,,,,
27937,,,,,,,,48450.2,,,,,,,,,,,,,,,,,,,,,,,
27936,,,,,,,,,,,,,,,,,,,,,34564.5,,,,,,,,,,
27932,,,,,,,,,55951.8,,,,,,,,,,,,,,,,,,,,,,
27924,,,,,,,,,,,,,,,,,47969.5,,,,,,,,,,,,,,
27916,,,,,,,,,,,,,,,,,,,,,,,,,,,,43197.9,,,
27914,,,,,,,,,,,,,,,,,,54487.6,,,,,,,,,,,,,
27904,,,,,,,,,,,,,,,,,,,,,,,,,35589.5,,,,,,
27903,,,,,,61520.4,,,,,,,,,,,,,,,,,,,,,,,,,
27902,,,,,,,,,,,,,,,,,,,,,,,,,,,40640.1,,,,
27886,,,,,,,,,,,,,,,,,,,,,,,,,,,,,,49408.3,
27883,,,,,,,,51350.8,,,,,,,,,,,,,,,,,,,,,,,
27881,,,,,,,,,,,,,,,,,,,,,,,,,,,63867,,,,
27880,,,,,,,,,,,44025.3,,,,,,,,,,,,,,,,,,,,
27879,,,,,,,,,56052.6,,,,,,,,,,,,,,,,,,,,,,
27878,,,,,,,,,,,,,,,,,,,,,28678.2,,,,,,,,,,
27877,,,,,,,,,,,,,,,,,,,,,,,,,,,,,60579.6,,
27876,,,,,,,,,,,,,,,,,,,,,,,,,,,,,,,48808
27845,,,,,,,,,,,,,,,,,,,,,,,,,41286.5,,,,,,
27836,,,,,,,,,,,,,,,,49906.9,,,,,,,,,,,,,,,
27832,,,,,,57560.9,,,,,,,,,,,,,,,,,,,,,,,,,
27831,,,,,24691,,,,,,,,,,,,,,,,,,,,,,,56844.4,,,
27827,,,,,,,,,,,,,,,,,50284.4,,,,,,,,,,,,,,
27823,,,,,,,,,,,,,,,,,,,,,,,,,,,54922,,,,
27820,,,,,,,,,,,,,,,,,,,,,,,,,,,,,44678,48006.4,
27819,,,,,,,,,,,,,,,,,,,,,,,,,,,,,,,47806.1
27816,,,,,,,,,,,,,,,,,,,,,,,,,,60278.4,,,,,
27809,,,,,,,,,,,,,,,,,,,,33111.3,,,,,,,,,,,
27808,,,,,,,,,,,,,,,,,,,,,25985.5,,,,,,,,,,
27798,,,,,,,,,,,,,,,,,,,,,,,,,43631.2,,,,,,
27787,,,,,25242.9,,,,,,,,,,,,,,,,,,,,,,,,,,
27783,,,,,,,,,,,,,,,,,,31964,,,,,,,,,,,,,
27773,,,,,,61535.9,,,,,,,,,,,,,,,,,,,,,,,,,
27767,,,,,,,,,,,,,,,,,,,,,,,,,31962.9,,,,,,
27765,,,,48408.5,,,,,,,,,,,,,,,,,,,,,,,,,,,
27753,,,,,,,,,,,,,,,,,51008.1,,,,,,,,,,,,,,
27752,,,,,,,,,,21326.8,,,,,,,,,,,,,,,,,,,,,
27737,,,,,,,,,,,,,,,,,,,,,,,,,,,,56740.9,,,
27723,,,,,,,,,,,,,,,,,,,,,,,,,,,38657.2,,,,
27720,,,,,,,,65095.4,,,,,,,,,,,,,,,,,,,,,,,
27717,,,,,,58726.8,,,,,,,,,,,,,,,,,,,,,,,,,
27712,,,,,,,,,,,,,,,,,,,,,,,,,,,,,,,48606.1
27710,,,,,,,,,,,,,,,,,,,,,,,,,,,,,48672.9,,
27700,,,,,,44718.3,,,,,,,,,,,,,,,,,,,,,,,,,
27693,,,,,,,,,,,,,,,65773.9,,,,,,,,,,,,,,,,
27690,,,,,,,,,,,,,,,,,,,,,,,,,52388.3,,,,,,
27689,,,,,,,,,,,,,,,,,,55139.1,,55493,,,,,,,,,,,
27686,,,,,,,,,,,,,,,,,,,,,,,,27281.4,,,,,,,
27683,,,,,,,,,,,,,,,,56150.9,,,,,,,,,,,,,,,
27679,,,,,,,,40687.6,,,,,,,,,,,,,,,,,,,,,,,
27671,,,,,,,,,,,,,,,,,,,,,,,,,46058.3,,,,,,
27668,,,,,,,,,,,,,,,,,,,,,,,,,,43923.2,,,,,
27665,,,,,,,,,,,,,,,44040.8,,,,,,,,,,,,,,,,
27662,,,,,,,,,,,,,,,,,,,,,,,,27459.7,,,,,,,
27657,,,,,,,,,,,,,,43408.7,,,,,,,,,,,,,,,,,
27655,,,,,,,,,,,,,,,,,,,,,,,,,,,,63290.2,,,
27645,,,,,,,,66323.5,,,,,,,,,,,,,,,,,,,,,,,
27637,,,,,,,,,,,,,,,,,39834.9,,,,,,,,,,,,,,
27635,,,,,,,,,,,,,,,43087.6,,,,,,,,,,,,,,,,
27633,,,,,44172.3,,,,,,,,,,,,,,,,,,,,,,,,,,
27632,,,,,,,,,,,,,,,,,,,,,,,,,50782.2,,,,,,
27619,,,,,,,,,,,,,,,,,,,36683.6,,,,,,,,,,,41032.9,
27617,,,,,,,,,42684,,,,,,,,,,,,,,,,,,,,,,
27613,,,,,,,,,,,,,,,,,,56701.1,,,,,,,,,,,,,
27599,,,,,,,,,,,,,,,,,,,,,,,,,,35269.5,,,,,
27593,,,,,37647.8,,,,,,,,,,,,,,,,,,,,,,,,,,
27591,,,,,,,,,,,,,,,,,60902.4,,,,,,,,,,,,,,
27585,,,,46102.7,,,,,,,,,,,,,,,,,,,,,,,,,,,
27579,,,,,,,,,,,,,,,,,,57709.9,,,,,,,,,,,,,
27562,,,,,,,,,,,,,,,,,,,,,,,,49253.7,,,,,,,
27558,,,,,,,,,,,,,,,,,,,,,,,,,53274,,,,,,
27556,,,,,,,,,,,,,,,,,,49614.5,,,,,,,,,,,,,
27552,,,,,,,,,,,,,,,,,40848.9,,,,,,,,,,,,,,
27549,,,,,,,,,44662.6,,,,,,,,,,,,,,,,,,,,,,
27537,,,,,,,,,,,,,,,,40756.7,,,,,,,,,,,,,,,
27530,,,,,,,,,47559.6,,,,,,,,,,,,,,,,,,,,,,
27528,,,,,,,,,,,,,,,,,,,,,,,,,43072.3,,,,,,
27520,,,,,,,,,,,,,,,,,,,,25034.6,,,,,,,,,,,
27516,,,,,,,,,,,,,,,,,,,,,,,,,,,,56458.2,,,
27511,,,,,,,,,,,,,,,,,,,,,,,,,,,68200.4,,,,
27502,,,,,,,,,,,,,,39866.6,,,,,,,,,,,,,,,,,
27494,,,,,,,,,,,,,,,,,41170.9,,,,,,,,,,,,,,
27485,,,,,,,,,,18779.2,,,,,,,,,,,,,,,,,,,,,
27480,,,,,36249.8,,,,,,,,,,,,,,,,,,,,,,,,,,
27476,,,,,,,,,,,,,,,,,,,,,,,,38433.2,,,,,,,
27475,,,,,,,,,,,,,,53451,,,,,,,,,,,,,,,,,
27474,,,,43692.4,,46092.6,,,,,,,,,,,,,,,,,,,,,,,,,
27462,,,,,,,,,,,,,,,,,62154.8,,,,,,,,,,,,,,
27458,,,,,,,,,,,,,,,,84120.4,,,,,,,,,,,,,,,
27457,,,,,,75564.4,,,,,,,,,,,,,,,,,,,,,,,,,
27456,,,,,,,,,,,,,,,,,,,,,,,,,,40928.8,,,,,
27454,,,,,,,,68283.9,,,,,,,,,,,,,,,,,,,,,,,
27453,,,,,,,,,,,,,,,,,,,,,,,,41823.7,,,,,,,
27451,,,,,,,,,,,,,,,,,,,,,,,,,,,,,,,33503.4
27419,,,,43333,,,,,,,,,,,,,,,,,,,,,,,,,,,
27415,,,,,,,,,,,,,,60080.3,,,,,,,,,,,,,,,,,
27414,,,,,,,,,,,,,,,,41748.2,,,,,,,,,,,,,,,
27410,,,,,,48767.8,,,,,,,,,,,,,,,,,,,,,,,,,
27405,,,,,,,,,,,,,,,,,,,,,,,,,45258,,,,,,
27403,,,,,,,,,,,,,39295.4,,,,,,,,,,,,,,,,,,
27400,,,,,39607.5,,,,,,,,,,,,,,,,,,,,,,,,,,
27394,,,,,,,,,,,,,,,,,,,,,,,,,,,,,,25486.5,
27384,,,,,,49253.9,,,,,,,,,,,,,,,,,,,,,,52908.6,,,
27380,,,,,,,,,,,,,,,,,,,,,,,,,34305.7,,,,,,
27367,,,,,,45791.6,,,,,,,,,,,,,,,,,,,,,,,,,
27346,,,,,,,,,,,,,38942.4,,,,,,,,,,,,,,,,,,
27341,,,,,,,,,,,,,,,,,,,,,,,,24587.8,,,,,,,
27336,,,,,,,,,,,,,,,,,,,,,,,,,,,,,42613.2,,
27333,,,,,,,,,,,,,,39698.2,,,,,,,,,,,,,,,,,
27324,,,,,,,,,,,,,,,33317,,,,,,,,,,,,,,,,
27307,,,,,,,,,,,,,,,,,,,,,,,,,34373,,,,,,
27304,,,,,30631.5,,,,,,,,,,,,,,,,,,,,,,,,,,
27301,,,,,,,,,,,,,,,42099.1,,,,,,,,,,,,,,,,
27299,,,,,,,,,,,,,,,,,,,,,,,,40162.8,,,,,,,
27252,,,,,,,,,,,,,39918.6,,,,,,,,,,,,,,,,,,
27230,,,,,,,,,,,,,,,,,,,,,,,,31361.5,,,,,,,
27208,,,,,,,,,,,,,,,,,,,,,,,,34607.9,,,,,,,
27207,,,,31780.1,,,,,,,,,,,,,,,,,,,,,,,,,,,
27194,,,,,,,,,,,,,,,,,,,,,,,,,30771.8,,,,,,
27177,,,,,,,,,,,,,,,,,,,,,,,,,,,,,,,37340.7
27171,,77715.4,,,,,,,,,,,,,,,,,,,,,,,,,,,,,
27117,,,,,,,,,,,,,,,,,,,,,,,,,,,,,,19239.3,
27081,,,,,,,,,,,,,39961,,,,,,,,,,,,,,,,,,
27063,,,,,,,,,,,,,,,,,,,,,,,38215.6,,,,,,,,
27041,,,,,,,,,,,,,,,,,,,,,,,,43148.5,,,,,,,
27038,,,,,,,,,,,,,61957.2,,,,,,,,,,,,,,,,,,
27024,,,46890,,,,,,,,,,,,,,,,,,,,,,,,,,,,
27012,,,,,26330.6,,,,,,,,,,,,,,,,,,,,,,,,,,
