,Sample name,20210306_C2_80min_RayN331Q_lowMS1_1,20210306_C2_80min_RayN331Q_lowMS1_1,20210306_C2_80min_RayN331Q_lowMS1_1,20210306_C2_80min_RayN331Q_lowMS1_1,20210306_C2_80min_RayN331Q_lowMS1_1,20210306_C2_80min_RayN331Q_lowMS1_1,20210306_C2_80min_RayN331Q_lowMS1_1,20210306_C2_80min_RayN331Q_lowMS1_1,20210306_C2_80min_RayN331Q_lowMS1_1,20210306_C2_80min_RayN331Q_lowMS1_1,20210306_C2_80min_RayN331Q_lowMS1_2,20210306_C2_80min_RayN331Q_lowMS1_2,20210306_C2_80min_RayN331Q_lowMS1_2,20210306_C2_80min_RayN331Q_lowMS1_2,20210306_C2_80min_RayN331Q_lowMS1_2,20210306_C2_80min_RayN331Q_lowMS1_2,20210306_C2_80min_RayN331Q_lowMS1_2,20210306_C2_80min_RayN331Q_lowMS1_2,20210306_C2_80min_RayN331Q_lowMS1_2,20210306_C2_80min_RayN331Q_lowMS1_2,20210306_C2_80min_RayN331Q_lowMS1_3,20210306_C2_80min_RayN331Q_lowMS1_3,20210306_C2_80min_RayN331Q_lowMS1_3,20210306_C2_80min_RayN331Q_lowMS1_3,20210306_C2_80min_RayN331Q_lowMS1_3,20210306_C2_80min_RayN331Q_lowMS1_3,20210306_C2_80min_RayN331Q_lowMS1_3,20210306_C2_80min_RayN331Q_lowMS1_3,20210306_C2_80min_RayN331Q_lowMS1_3,20210306_C2_80min_RayN331Q_lowMS1_3
,Peak #,1,2,3,4,5,6,7,8,9,10,11,12,13,14,15,16,17,18,19,20,21,22,23,24,25,26,27,28,29,30
Name,
31969,,,,,2590770,,,,,,,,,,,,,,,,,,,,,,,,,,
31967,,,,,,,,,,,,,,,,,,,,,,,,,2422950,,,,,,
31956,,,,,,,,,,,,,,,,,,,,,,,,8271120,,,,,,,
31890,,,,2068730,,,,,,,,,,,,,,,,,,,,,,,,,,,
31889,,,,,,,,,,,,,,5428140,,,,,,,,,,3884910,,,,,,,
31858,,,5334350,,,,,,,,,,,,,,,,,,,,,,,,,,,,
31855,,,,,,,,,,,,,2119770,,,,,,,,,,,,,,,,,,
31772,,,,,,,,,,,,,,,,1658140,,,,,,,,,,,,,,,
31691,,,,,,,,2448390,,,,,,,,,,,,,,,,3393430,,,,,,,
31542,,,,,,,,,,,,,,,,,,,,,,1455360,,,,,,,,,
31540,,,,,,,,,,,,1379330,,,,,,,,,,,,,,,,,,,
31510,,,,,4161860,,,,,,,,,,,,,,,,,,,,,,,,,,
31485,,,,,,,,,,,,,,,,,,,,,,,2095350,,,,,,,,
31471,,,,,,,,,,,,,,,,,,,,,,996221,,,,,,,,,
31434,,,,,,,,,,,672156,,,,,,,,,,,,,,,,,,,,
31398,,,,,,,,,,,790442,,,,,,,,,,,,,,,,,,,,
31336,,,,,,,,,,,,,,,,,,,,,,,,,,,,,,,631255
31314,,,,4417180,,,,,,,,,,,,,,,,,,,,,,,,,,,
31310,,,2733110,,,,,,,,,,,,,,,,,,,,,,,,,,,,
31285,,,,,,,,,,,,,,,,,,,,,,,,,,,,,,,1121150
31282,,,,,,,,,,,,,,,,,,,,,,3177350,,,,,,,,,
31281,,,,,,,,,,,,6492890,,,,,,,,,,,,,,,,,,,
31279,,,,,,,,,,,,,,,,,,,,,,,3140450,,,,,,,,
31273,,,,,,,,,,,,,,,,,,,,,,,,,2261290,,,,,,
31270,,,,,,,,,,,816633,,,,,,,,,,,,,,,,,,,,
31266,,,,,,,,,,,,,,,,,,,,,1502520,,,,,,,,,,
31263,,,,,,,,,,,,,,,,,,,,,,,,,,,,,,,1138890
31256,,,,,,,,,,,,,2029590,,,,,,,,,,,,,,,,,,
31241,,1598380,,,,,,,,,,,,,,,,,,,,,,,,,,,,,
31236,,,,,,,,,,,,,,,,,,,,,,,,,,,,,,,720856
31222,,,,,,,,,,,,,,,,,,,,,,,,,,,,,,1391140,
31213,,,,,,,,,,,,,,,,,,,,,923977,,,,,,,,,,
31206,,,,,,,,,,,,,,,,,,,,,,,,,,,,,,1221430,
31199,,,,,5398780,13662300,,,,,,,,,,11645600,,,,878795,,,,,,12251400,,,,,
31198,,,,,,,,,,,,,,,8876960,,,,,,,,,,11365500,,,,,,
31197,,,,,,,,,,,,,,,,,,,,,,,,,,,,,,,586419
31196,,,,,,,,,,,,,,,,,,,,,883335,,,,,,,,,,
31192,,,,,,,,,,,582359,,,,,,,,,,,,,,,,,,,,
31178,,,,,,,,,,,,,,,,,,,,,,,,,,,,,,,727241
31159,,,,,,,,,,,,,,,,,,,,,,,,,,,,,,,571314
31142,,,,2946540,,,,,,,,,,,,,,,,,,,,,,,,,,,
31138,,2249080,,,,,,,,,,,,,,,,,,,,1381280,,,,,,,,,
31137,,,,,,,,,,,,,,,,,,,,,,,,,,,,,,,753012
31136,,,,,,,,,,,,1706760,,,,,,,,,,,5388430,,,,,,,,
31134,,,4613320,,,,,,,,,,3163930,,,,,,,,,,,,,,,,,,
31133,,,,,,,,,,,,,,,,,,,,,677645,,,,,,,,,,
31112,,,,,,,,,,862990,,,,,,,,,,,,,,,,,,,,,
31109,,,,,,,,,,,,,,,,,,,,,575603,,,,,,,,,,
31103,,,,,,,,,,,,,,,,,,,,872338,,,,,,,,,,,
31101,,,,,,,,,,,,1489090,,,,,,,,,,,,,,,,,,,1008750
31100,,,,,,,,,,,833051,,,,,,,,,,,,,,,,,,,,
31099,,,,,,,,,,,,,,,,,,,,,,,,,,,,,,1038760,
31098,,,,,,,,,,,,,,,,2023530,,,,,,,,,,,,,,,
31096,,,,,,,,,,,,,,,,,,,,,,,,,6924490,,,,,,
31093,,,,,3566380,,,,,,,,,,,,,,,,,,,,,,,,,,
31088,,,,,,,,,,,,,,,,,,,1178770,,,,,,,,,,,,
31083,,,,,,,,,1524620,,,,,,,,,,,,,,,,,,,,,,
31069,,,3058420,,,,,,,,,,,,,,,,,,,,,,,,,,,,
31068,,,,,,,,,,,,,,,,,,,,,,,2128890,,,,,,,,
31065,,,,,,,,,,,,,,,,,,,,,,,,,,,,,,719722,
31062,,,,,,,,,,,,,,,,,,,,,,,,,,5534460,,,,,
31061,,,,,,,,,,,,,,,,6696330,,,,,,,,,,,,,,,
31059,,,,,,,,,,,,,,,,,,,,,1493340,,,,,,,,,,
31057,,,,,,,,,,882327,,,,,,,,,,954558,,,,,,,,,,,
31054,,,,,,,,,,,873598,,,,,,,,,,,,,,14086900,,,,,,1774610
31053,,,,6525240,12834500,,,,,,,,,,15180100,,,,,,,,,13441500,,,,,,,
31032,,,,,3164310,,,,,,,,,,,,,,,,,,,,2737720,,,,,,
31030,,,,,,,,,,1076690,,,,,,,,,,,,,,,,,,,,,
31028,,,,,,,,,,,,,,,6434230,,,,,,,,,,,,,,,,
31026,,,,,,,,,,,,,,,,,,,,,1042420,,,,,,,,,,
31025,,,,,,,,,,,826224,,,,,,,,,,,,,,,,,,,,
31001,,,,,,,,,,,769597,,,,,,,,,,,,,,,,,,,,
31000,,,,,,,,,,,,2348910,,,,,,,,,,,,,,,,,,,
30997,,,,,,,,,,,,,,,,,,,,,800295,,,,,,,,,,
30994,,,,,,,,,,,,,2922000,,,,,,,,,,,,,,,,,,
30993,,,,,,,,,,2131410,,,,2597480,,,,,,,,,,,,,,,,,
30992,,,,,,,,,,,,,,,,,,,,,,,,,,,,,,1018870,
30989,,,,3088660,,,,,,,,,,,,,,,,,,,,4453110,,,,,,,
30988,,,,,,,,,,,,,,,5206290,,,,,,,,,,,,,,,,
30987,,,,,4790130,,,,,,,,,,,,,,,,,,,,,,,,,,
30986,,,,,,,,,,,,,,,,,,,,,,,,,6010800,,,,,,
30973,,,,,,,,,,,,1805450,,,,,,,,,,,,,,,,,,,
30970,,,,,,,,,,,636630,,,,,,,,,,,,,,,,,,,,
30968,,,,,,,,,,,,,,,,,,,,,890513,,,,,,,,,,
30956,,,,,,,,,,,,2004350,,,,,,,,,,,,,,,,,,,
30952,,,,,,,,,,,,,,,,,,,,,,,,,,,,,,811019,
30950,,,,,,,,,,,,,,,,,,,,,,,,10869800,,,,,,,
30949,,,,,,,,,,,,,,,,,,,,,,,,,6030520,,,,,,
30948,,,,8701860,8443370,,,,,,,,,,,,,,,,,,,,,,,,,,
30947,,,,,,,,,,,,,,8124170,,,,,,,,,,,,,,,,,
30946,,,,,,,,,,,,,,,7005950,,,,,,,,,,,,,,,,
30945,,,,,,,,,,,,,,,,,,,,,1455810,,,,,,,,,,
30939,,,3280600,,,,,,,,,,,,,,,,,,,,,,,,,,,,
30917,,,,,,,,,,,,,,,,,,,,,,2172100,,,,,,,,,
30913,,,,,,,,,,,,,,,,,,,,,1779390,,,,,,,,,,
30910,,,,,,,,,,,1230500,,,,,,,,,,,,,,,,,,,,
30908,,,,,,,,,,,,,,,,,,,,,,,8556090,,,,,,,,
30907,,,,28659600,67165500,13367500,,,,2149480,,,4855740,35212600,70584700,7146820,,,,,,,,73921400,41991600,,,,,,
30906,,,,,,,,,2054700,,,,,,,,,,,,,,,,,,,,,2031790,2501190
30904,,,,,,,,,,,,,,,,,,,,,,,,,,4971290,,,,,
30903,,,,,,,,,,,,,,,,,,,,,,,,,,,,,1183260,,
30888,,2200490,,,,,,,,,,,,,,,,,,,,,,,,,,,,,
30886,,,4935220,5897930,,,,,,,,,,,,3545940,,,,,1240760,,,,,,,,,,
30884,,,,,,7485250,,,,,,,,9330820,,,,,,,,,4352490,,,,,,,,
30883,,,,,16925100,,,,,,,,,,20070800,,,,,,,,,12821800,16807900,,,,,,
30880,,,,,,,,,,,,,,,,,,,,,,,,,,3966460,,,,,
30868,,,,,,,,,1472710,,,,,,,,,,,,,,,,,,,,,,
30867,,,,,,,,,,,,,,,,,,,,,,,,,,,,,2008420,,
30865,,,,,,,,,,,,,,,,,,,,,,,,,,,,,,1567360,
30858,,,,,,,,,,,,,,,,,,,,,1316080,,,,,,,,,,
30854,,2686240,,,,,,,,,,,,,,,,,,,,,,,,,,,,,
30849,,,,,,,,,,,,,,,,,,,,,,,,,,,,,,1591990,
30848,,,,,,,,,,,,,,,,,,,,,,,,,,,,,1937070,,1645970
30847,,,,,,2090810,,,,,,,,,,,,,,,,,,,,,,,,,
30845,,,,,,,,,,,,,,11503800,,,,,,,,,,,,,,,,,
30844,,,11438200,12159800,,,,,,,,,8538780,,,,,,,,,,13040400,,,,,,,,
30843,,,,,,,,,,,,,,,,,,,,,,2575330,,9501140,,,,,,,
30842,,,,,,,,,,1015010,,,,,8473380,,,,,,,,,,,,,,,,
30839,,,,,8032450,,,,,,1176880,,,,,,,,,,,,,,8013550,,,,,,
30838,,,,,,,,,,,,2406990,,,,,,,,,,,,,,,,,,,
30823,,,,,,,,,1625810,,,,,,,,,,,,,,,,,,,,,,
30820,,,,,,,,,,,,,,,,,,,,,,,,,,,,,1386760,,
30809,,,,,,,,,,,,3101900,,,,,,,,,,,,,6136330,,,,,,
30808,,4341520,,,,,,,,,,,,,,,,,,,,,,,,,,,,,1771740
30807,,,,,,,,,,,,,,,,,,2404930,,,,,,,,,,,,,
30804,,,,,,,,,,,,,,,,,,,,1714750,,,,,,,,,,,
30803,,,,,,,,,,,,,,,,,,,,,,,29800700,36180100,,,,,,,
30802,,,19890500,40997500,,,,,,,,,11237700,46532000,9266590,,,,,,,,,,,,,,,,
30801,,,,,8133750,,,,,,,,,,,,,,,,,3263500,,,,,,,,,
30781,,,,,,,,,,,,,,,,,,,,,,,,,,,,,1615320,,2423530
30780,,,,,,,,,,,,,,,,,,,1485040,,,3685500,,,,,,,,,
30779,,,,,,,,,,,,,,,,,,,,,2032510,,,,,,,,,,
30778,,,,,,,,,,,,2683860,,,,,,,,,,,,,,,,,,,
30775,,,,,15976200,,,,,,,,,,18548400,,,,,,,,,,,,,,,,
30773,,,,,,,,,,,,,,,,,,,,,,,,,16906800,,,,,,
30762,,,30862600,55860900,,,,,,,,,,68929700,,,,,,1006980,,,,49465100,,,,,,,
30761,,5645550,,,,,,,,2859330,,,15664600,,,,,,,,,,43759400,,,,,,,,
30760,,,,,,,,,,,,,,,,,,,,,1536510,,,,,,,,,2371850,
30759,,,,,,,,,2584500,,,3663770,,,,,,,1483940,,,5587040,,,,,,,,,2114720
30757,,,,,,,,,,,1620280,,,,,,,,,,,,,,,,,,2200670,,
30744,,,,,,,,,,,,2529920,,,,,,,,,,,,,,,,,,,
30741,,,,,,,,,,,,,,,,,,,,,,,,,,6094310,,,,,
30740,,,27776500,,,,,,,,,,,,,,,,,,,,,,,,,,,,
30739,,,,,,,,,,,,,22249500,,,,,,,,,,23949400,,,,,,,,2652770
30738,,,,16340600,,,,,,,,,,20772300,26052400,,,,,,,3288080,,29293800,19742600,,,,,2307340,
30737,,4505320,,,22494900,,,,,,,,,,,,,,,,,,,,,,,,,,
30736,,,,,,,,,,,,,,,,6116750,,,,,,,,,,,,,,,
30735,,,,,,,,,,,,,,,,,,,,,,,,,,,,,2047930,,
30734,,,,,,11473900,,,,,,,,,,,,,,,,,,,,,,,,,
30732,,,,,,,,,,,,,,,,,,,2564570,,,,,,,,,,,,
30729,,,,,,,,,,1658880,,,,,,,,,,,,,,,,,,,,,
30714,,,,,,,,,,,,,,,,,,,,,,,,,,,,,1379610,,
30713,,,,,,,,,4180230,,,,,,,,,,,,,,,,,,,,,,
30711,,,,,,,,,,,,,,,,,,,3485340,,,,,,,3496860,,,,,
30710,,,,,,,,,,,3633400,,,,,,,,,,,,,,,,,,,,
30708,,,,,,,,,,,,,,,,,,,,,3462900,,,,,,,,,,
30700,,,,,,,,2431350,,,,,,,,,,,,,,,,,,,,,,,1969910
30699,,,66395500,,,,,,,,,,,,,,,,,,,,,,,,,,,,
30698,,,,,,,,,,,,,59790600,33011500,,,,,,,,10236800,73188700,,,,,,,,
30697,,10263400,,15271800,,,,,,,,7052010,,,,,,,,,,,,,,,,,,,
30694,,,,,,,,,,,,,,,,,2793280,,,,,,,,,,,,,,
30693,,,,,,,,,2331720,,,,,,,,,,,,,,,,,,,,,,
30692,,,,,,,,,,2522030,,,,,,,,,,,,,,20034400,,,,,,,
30690,,,,,,,,,,,,,,,,,,,,2677400,,,,,,,,,1875670,1683550,
30689,,,,,,12017500,,,,,,,,,27119900,8214050,,,,,,,,,,,,,,,
30688,,,,,27346300,,,,,,,,,,,,,,,,,,,,28274800,7926510,,,,,
30686,,,,,,,,,,,,,,,,,,,,,,,,,,,,2884530,,,
30672,,,,,,,,,,,,,,,,,,,,,,,,26692100,,,,,,,
30671,,,,21941400,,,,,,,,,,,,,,,,,,,,,,,,,,,
30669,,,,,12101600,,,,,,,,,,,,,,,,,,,,,,,,,,
30668,,,,,,,,,,,,,,,,,,1745540,,,,,,,,,,,,,
30667,,,,,,5826440,,,2542360,,,,,,,,,,,,,,,,,4952330,,,,,
30666,,,,,,,,,,,,,,,,,,,,,,,,,10964800,,,,,2281920,
30665,,,,,,,,5192090,,,,,,,,,,,,,1983480,,,,,,,,,,
30663,,,,,,,,,,,,,,,,,,,,3032950,,,,,,,,2448240,,,
30660,,,,,,,,,,,,,,,,,,,1244890,,,,,,,,,,2127610,,
30659,,,,,,,,,,,,,,30333300,,,,,,,,,,,,,,,,,
30658,,,,,,,,,,,1022080,,,,,,,,,,,,,,,,,,,,
30657,,,67440000,,,,,,,,,,68498700,,,,,,,,,,75829900,,,,,,,,
30654,,21493200,,,,,,,,,,18151400,,,,,,,,,,,,,,,,,,,1894500
30653,,,,,,,,,,,,,,,,,,,,,,18550700,,,,,,,,,
30652,,,,,,,,,,2423850,,,,,,,,,,,,,,,,,,,,,
30647,,,,,,,,,,,,,,,,,2273470,,,,,,,,,,,,,,
30640,,,,,,,,3521020,,,,,,,,,,,,,,,,,,,,,,,
30639,,,,,,,,,,,,,,,,,,,,,,,,,,,,4471460,,,
30637,,,,,,,,,,,,,,,,,,,,,,,,,,,,,3925790,2771390,
30635,,,,,,,,,,,,,,,,,,,,,,,,,11242400,,,,,,
30634,,,,,,,,,,,2505530,,,,20062500,,,,,,,,,,,,,,,,
30633,,,,,,,,,2609060,2790320,,,,,,,,,,,,,,,,,,,,,
30632,,,,42392300,20974000,,,,,,,,,47726900,,,,,,,3834500,,,51516300,,,,,,,
30627,,,,,,,,,,,,,,,,,,,,,,,,,,,,,,,3360110
30626,,,,,,,,,,,,,,,,,,,,2941710,,,,,,,,,,,
30624,,,,,,,,,,,,,,,,,,,1961340,,,,,,,,,,,,
30622,,,,,,,,3258300,,,,,,,,,,,,,,,,,,,,,,,
30620,,,,,,,,,,,,,,,,,,4977100,,,,,,,,,,,,,
30619,,,,,,,,,,,,,,,,5692470,,,,,,,,,,,,,,,
30618,,,,,,9093260,,,,,,,,,,,,,,,,,,,,,,,,,
30617,,,44920700,,,,,,,,,,,,,,,,,,,,,,,4807460,,,,,
30616,,,,,,,,,,,,,34844400,,,,,,,,,,47679000,,,,,,,,
30615,,,,,,,,,,2655700,,,,,,,,,,,,,,,,,,,,,
30597,,,,,,,,,,,,,,,,,,3966850,,,,,,,,,,,,,
30596,,,,,,,,6676580,,,,,,,,,,,,,,,,,,,,5368390,,,
30595,,,,,,,,,,,,,,,,,,,,2883790,,151572000,,,,,,,,,
30594,,206635000,85200400,,,,,,,4902160,,144209000,207807000,,,,,,,,,,155644000,,,,,,,,
30592,,,,,,,,,6056850,,,,,,,,,,5947400,,5771810,,,,,,,,5983790,,
30590,,,,,,,,,,,,,,,,,,,,,,,,,,,,,,3499020,
30589,,,,,,,,,,,,,,40562400,,,,,,,,,,,,,,,,,
30588,,,,37347300,,,,,,,4422630,,,,,,,,,,,,,,,,,,,,3370580
30585,,,,,,,,,,,,,,,,,,,,,,,,55712400,,,,,,,
30584,,,,,,22286900,,,,,,,,,,8978110,,,,,,,,,,12908300,,,,,
30583,,,,,48760000,,,,,,,,,,,,6282120,,,,,,,,,,,,,,
30582,,,,,,,5194150,,,,,,,,57142000,,,,,,,,,,49652100,,,,,,
30570,,,,,,,,,,2849690,,,,,,,,,,,,,,,,,,,,,
30554,,85036900,41284100,,,,,,,,,,93030800,,,,,,,,,,,,,,,,,,
30553,,,,,,,,,,,,57025500,,,,,,,,,,63186400,72613800,,,,,,,,
30544,,,,,,,,,,8267400,,,,,,,,8917370,,,,,,,,,,,,,
30543,,,,,,,,12715400,10280100,,,,,,,,,,9573510,,9144600,,,,,,,9268910,,,
30542,,,,,247081000,114350000,15852200,,,,8556000,,,,,59213600,17211000,,,10210700,,,,,269762000,54814100,,,,9279570,
30541,,,,,,,,,,,,,,,288246000,,,,,,,,,145214000,,,,,13430900,,6311470
30540,,,,,,,,,,,,,,,,,,,,,,,,,,,10191600,,,,
30538,,,,44348400,,,,,,,,,,,,,,,,,,,,,,,,,,,
30528,,,136887000,,,,,,,,,,105561000,78625500,,,,,,,,,156352000,,,,,,,,
30520,,,,,,,,,,,,,,,,,,,,,,,,,,23440000,,,,,
30519,,,,,,64463000,,,,,,,,,,37310200,,,,,,,,,66046900,,,,,,
30518,,,,,32331800,,,,,,,,,,53132000,,,,,,,,,,,,,,,,
30512,,40781500,,,,,,,,,,27311800,,,,,,,,,,26348400,,,,,,,,,
30505,,,,,,,,,,,,,,,,,,,4479560,,,,,,,,,,,,
30502,,,,,,,,,,,,,,,,,,,,2583150,,,,,,,,,,,
30500,,,,,,,,,,,,,,,,8071940,,,,,,,,,,,,,,,
30497,,,,,,,,,,,,,,,,,,,,,,,,,,11280000,,,,,
30495,,,,,,,,,,,,,,,,,,,,,,,,,,,5803750,,,,
30493,,,,,,,,,,,,,,,,,5264210,,,,,,,,,,,,,,
30491,,,,,,,,,,,,4444590,,,,,,,,,,,,,,,,,,,
30488,,,43026400,,,,,,,,4227890,,27474900,,,,,,4236390,,,,,,,,,,,,
30486,,,,,,,,,,,,,,,,,,,,,,3576300,,,,,,,,,
30485,,,,,,,,5746660,,,,,,,,,,,,,,,,,,,,,,,
30484,,,,,,,7463800,,,,,,,,,,,5017420,,,,,60759100,,,,,,,,
30483,,,,,,,,,4448530,,,,,,,,,,,,,,,,,,,,,,
30482,,,,,,,,,,,,,,,,,,,,,,,,,,,,7398700,6298670,,
30481,,,,,,,,,,,,,,,,,,,,4334480,,,,,,,,,,,
30480,,,,,,,,,,,,,,,,,,,,,4322270,,,,,,,,,,
30479,,,,,,,,,,,,,,182542000,,14455100,,,,,,,,177161000,,12757100,,,,5740820,
30478,,,,183408000,37806000,16941000,,,,,,,,,38782100,,,,,,,,,,,,,,,,
30477,,,,,,,,,,6022740,,,,,,,,,,,,,,,,,,,,,4752560
30476,,,,,,,,,,,,,,,,,,,,,,,,,16435800,,,,,,
30458,,,,,,,,,,,,,,,35155600,,,,,,,,,,,,,,,,
30457,,,,,37171700,,,,,,,,,,,,,,,,,,,,,,,,,,
30451,,,,,,,,,,,,,77840700,,,,,,,,,,,,,,,,,,
30450,,63461000,,,,,,,,,,,,,,,,,,,,43030600,,,,,,,,,
30448,,,,,,,,,,,,41490600,,,,,,,,,,,,,,,,,,,
30441,,,,,,22578100,,,,,,,,,,,,,,,,,,,,,,,,,
30440,,,,,,,,,,,,,,,,,,,,,,,,,,13851500,,,,,7251080
30439,,,53703300,,,,,14336600,12697500,,9083300,,,,,16228000,14459200,13720700,10149100,,9620700,,,,41593100,,,10216200,,,
30438,,,,,121467000,,13899600,,,11551900,,,,,110115000,,,,,12968200,,,100208000,427629000,,,9331850,,10647700,11134300,
30437,,,,405329000,,,,,,,,,,366361000,,,,,,,,,,,,,,,,,
30411,,,15904200,,,47539800,,,,,,,,,,34703700,,,,,,,,,76355300,,,,,,
30409,,,,,,,,,,,,,37429500,,,,,,,,,,,,,,,,,,
30408,,38928900,,,,,,,,,,,,,,,,,,,,23698500,,,,,,,,,
30407,,,,,,,,,,,,22430400,,,,,,,,,,,,,,,,,,,
30400,,,,,,,,,,,,,,,88305700,,,,,,,,,,,,,,,,
30397,,,,,94245400,,,,7524690,,,,,,,,,,8529140,,,,,291263000,,25636500,,,,,
30396,,,,263605000,,,20933500,9273410,,,6382090,,,265980000,,,21480500,10998700,,,,,,,,,,,,,6247260
30395,,,,,,,,,,,,,,,,,,,,,,,,,,,10598300,6966520,8100050,,
30394,,,,,,,,,,,,,,,,,,,,10715900,7785140,,,,,,,,,6932770,
30391,,,,,,,,,,,,,,,,,,,,,,,143042000,,,,,,,,
30389,,,117612000,,,,,,,,,,87229300,,,,,,,,,,,,,,,,,,
30386,,,,,,,,,,,,6342630,,,,,,,,,,,,,,,,,,,
30381,,,,,,,,,,6010880,,,,,,,,,,,,,,,,,,,,,
30377,,,,,,,,,3071780,,,,,,,,,,,,,,,,,,,,,,
30373,,,,,,,4441510,,,,,,,,,,,,,,,,,,,16969100,,,,,
30372,,,,,65548700,33295600,,,,,,,,,79749100,19279000,3859010,,,,,,,46621400,70265000,,,,,,
30371,,,,,,,,,,,,,,,,,,,,,,,,,,,,,,,2805240
30370,,,,18427300,,,,,,,3590390,,,24669700,,,,,,,,,,,,,,,,,
30367,,16542500,,,,,,,,,,,,,,,,,,,,,,,,,,,,,
30366,,,,,,,,,,,,11745200,,,,,,,,,,15685600,,,,,,,,,
30363,,,,,,,,,,,,,,,,,,,,,,,,,,,,2797960,,,
30334,,,,319673000,,,,,,,,,,,,,,32280600,,,27210000,,,188212000,,,28981600,31148300,,25691400,
30333,,54038000,1422610000,,59336100,53960000,40581400,44010400,29940900,24849600,23961000,65857900,1060570000,773585000,51329500,54727100,38501400,,25629300,31888700,,69974300,1627380000,,48424200,,,,27702000,,20769700
30332,,,,,,,,,,,,,,,,,,,,,,,,,,39040400,,,,,
30313,,,,,,,,,,,,,,,,,,,,,,,,,,,5007550,,,,
30312,,,,,,,6378280,,,,,,,,,,,,,,,,,,,,,,,,
30310,,,,135272000,,,,,,,,,,201924000,,,,,,,,,,,,,,,,,
30305,,62600900,,,,,,,,,,67862200,,,,,,,,,,,,,,7513070,,,,,
30304,,,,,,,,,,,,,,,,,,,,,,60274700,,,,,,,,,
30300,,,,,36108400,,,,,,,,,,39080500,,,,,,,,,,,,,,,,
30297,,,,,,,,,,,,,,,,,,,,,,,,,21405500,,,,,,
30296,,,,,,13947100,,,,4791680,,,,,,,,,,,,,,,,,,,,,
30295,,,,,,,,,,,,,,,,,,,,,,,,,,,,6708940,,,
30294,,,,,,,,,8015430,,,,,,,8444200,,5306700,8384490,7574290,,,,118053000,,,4795090,,7170880,7333270,
30293,,,374681000,148923000,,,6784410,10571100,,,6822480,,,289379000,,,8582200,,,,7660940,,,,,,,,,,7442470
30292,,,,,,,,,,,,,270263000,,,,,,,,,,453593000,,,,,,,,
30268,,,,,,46306800,,,,,,,,,,29777600,,11790500,,,,,,,123577000,30704800,,,10847800,,
30267,,,,195817000,241124000,,13172500,11529800,,,,,,193588000,234835000,,14791400,,,14689900,5998490,,,362605000,,,7642930,10361600,,11392700,6536160
30266,,,,,,,,,10384000,12666700,,,,,,,,,8269540,,,,,,,,,,,,
30265,,,,,,,,,,,6241680,,,,,,,,,,,,,,,,,,,,
30263,,19921900,,,,,,,,,,19831500,,,,,,,,,,,,,,,,,,,
30262,,,,,,,,,,,,,,,,,,,,,,18977100,,,,,,,,,
30251,,,182142000,,,,,,,,,,,,,,,,,,,,,,,,,,,,
30250,,,,,,,,,,,,,133889000,,,,,,,,,,203095000,,,,,,,,
30248,,,,,,,,,,,,,,,,10452400,,,,,,,,,,,,,,,
30247,,,,,,17694300,,,,,,,,,64467900,,,,,,,,,,,,,,,,
30246,,,,,62582500,,,,,,,11320200,,,,,,,,,,,,,46201200,9709030,,,,,
30244,,17069600,,,,,,,,,,,,,,,,,,,,,,,,,,,,,
30229,,,,,,,,,,,,,,,,,,,,1438120,,,,,,,,,2014890,,
30228,,,,25685900,,,,,,,,,,,,,,,,,,,10951700,,,,,,,,
30227,,,8146460,,37617200,,,,,,,,,,34618300,,,,,,,,,43654200,,,,,,,
30226,,,,,,,,,,,,,,24996800,,,,,,,,,,,,,,,,,
30222,,,,,,,,,,,,7262350,,,,,,,,,,,,,,,,,,,
30221,,8918990,,,,,,,,,,,,,,,,,,,,,,,,,,,,,
30202,,24082200,,,,,,,,,,,,,51234400,,,,,,,,,,,,,,,,
30201,,,,,,62972900,,,,,,,,,,42686800,,,,,,16635800,,,63228800,37640400,,,,,
30200,,,,,30772200,,,,,,,,,,,,,,,,,,,,,,,,,,
30197,,,,,,,10642500,,,,,,,,,,10377900,4745620,,,,,,,,,,,,,
30196,,,,,,,,,,,,,,,,,,,,,,,,,,,5728360,,,,
30195,,,,,,,,,,,,,,,,,,,,,6945320,,,,,,,,,,
30194,,,,94848000,,,,,,5703030,,,,,,,,,,,,,,,,,,,,,
30193,,,,,,,,,8466800,,,,,216739000,,,,,4844820,,,,,53830300,,,,,,,
30191,,,,,,,,6140290,,,,,,,,,,,,,,,,,,,,,,,
30190,,,,,,,,,,,,16515500,,,,,,,,,,,365935000,,,,,5771650,6888560,,
30189,,,319085000,,,,,,,,5280640,,,,,,,,,6179850,,,,,,,,,,6213860,5743990
30188,,,,,,,,,,,,,198241000,,,,,,,,,,,,,,,,,,
30181,,,,,,20336900,,,,,,,,,,,,,,,,,,,,,,,,,
30180,,,,,,,,,,,,,,,,14851400,,,,,,,,,,13904400,,,,,
30164,,,,,,,,,,,,,,,,,,,,,,,,30985800,,,,,,,
30163,,,,41733200,,,,,,,,,,,15143300,,,,,,,,,,,,,,,,
30162,,32832700,,,,,,,,,,,,,,,,,,,,,,,9091500,,,,,,
30161,,,,,14074800,,,,,,,25748800,,,,,,,,,,29592700,,,,,,,,,
30160,,,,,,,,,,,,,,,,,,,,,2028460,,,,,,,,,,
30151,,,,,,,,,,,,,,,,,2883070,,,,,,,,,,,,,,
30150,,,,,,,,,,,,,,,,,,,2818650,,,,,,,,,,,,
30149,,,,,,,,,,,2792230,,,,,,,,,,,,,,,,,,,,
30148,,,,,,,,,,,,,,90620300,,,,,,3431100,,,,,,,,,2155720,2478580,
30147,,,162538000,,,,,3189100,4697890,3153110,,,,,,,,,,,,,169239000,,,,,4889820,,,2237430
30146,,,,,,,,,,,,,108804000,,,,,,,,,,,,,,,,,,
30137,,,,,,,,,,,,,,,,8420720,,,,,,,,,,,,,,,
30135,,,,,,,,,,,,,,,,,,,,,,,,,,5854170,,,,,
30132,,,,,,11740700,,,,,,,,,,,,,,,,,,,,,,,,,
30129,,,,,,,,,,,,,,,65531400,,,,,,,,,,34479000,,,,,,
30128,,,,,64422300,,,2671700,,,,,,,,,,,,,,,,,,,,,,1369820,
30127,,,,,,,,,,,,,,,,,,,,,,,,102510000,,,,,,,
30126,,,,,,,,,,,2128770,,,,,,,,,,,,,,,,,2709170,,,
30125,,,,57246900,,,,,,,,,,,,,,,,,,,,,,,,,,,
30124,,,,,,,,,,,,,,56230600,,,,,,,,,,,,,,,,,
30118,,8385050,,,,,,,,,,,,,,,,,,,,,,,,,,,,,
30117,,,,,,,,,,,,,,,,,,,,,,8194460,,,,,,,,,1695570
30116,,,,,,,,,,,,9391690,,,,,,,,,,,,,,,,,,,
30106,,,,,,7217290,,,,,,,,,,,,,,,,,110405000,,,,,,,,
30105,,,87091600,,,,,,,,,,,,,,,,,,,,,,,,,,2240030,,
30103,,,,,,,,,,,,,74972800,,,,,,,,,,,,,,,,,,
30099,,15655300,,,,,,,,,,6690130,,,,,,,,,,9800060,,,,,,,,,
30091,,,,,,,,,,,,,,,,7231220,,,,4504100,,,,,,,,,,,
30089,,,,,,10267800,4945190,,,,,,,,,,,,,,,,,,,,,4447750,,,
30088,,,,139779000,81437800,,,6325090,2983050,3006010,3564590,,,,75963400,,,3751200,,,,,,201978000,35904500,6211110,,,,,4009510
30087,,,,,,,,,,,,,,133242000,,,6010920,,2694180,,3911210,,,,,,,,,4258260,
30080,,,,,,,,,,,,4907880,,,,,,,,,,,,,,,,,,,
30067,,,,,,,,,,,,,,,,,2284930,,,,,,,,,,,,,,
30065,,,,,28543900,,,,,,,,,,33001100,,,,,,,,,,19071100,5638680,,,,,
30064,,,,,,8237630,,,,,,,,,,4495950,,,,,,,,,,,,,,,
30061,,,,,,,,,,,,,,,,,,,,1671690,,,,31825300,,,,,,,
30058,,15600100,,,,,,,,,,,,,,,,,,,,,,,,,,,,,
30057,,,,,,,,,,,,,,,,,,,,,,8845090,,,,,,,,,
30056,,,,24433600,,,,,,,,7860880,,,,,,,,,,,,,,,,,,1314180,
30052,,,,,,,,,,2099800,,,,,,,,,,,,,,,,,,,,,
30045,,,,,,,,,,,,,,,11358900,,,,,,,,,,9433650,,,,,,
30044,,,,,,,,,,,,,,,,,,,1958280,,769902,,,,,,,,,,
30043,,,,,,,,2084840,,,,,,45552800,,,,,,,,,,,,,,,,,
30042,,,70066800,,,,,,,,,,,,,1960760,,,,,,,89542500,,,3479170,,,,,1209100
30041,,,,,,,,,,,1863760,,54736300,,,,,,,,,,,,,,,,,,
30040,,,,,,,,,,,,5257530,,,,,,,,,,,,,,,,,,,
30039,,5925100,,,,,,,,,,,,,,,,,,,,,,,,,,,,,
30036,,,,,,8026230,,,,,,,,,,,,,,,,,,,,,,,,,
30034,,,,,,,,,,,,,,,,,,,,,,,,,,,,,,1234420,
30022,,,,,,,,,,,,,,,,,,,,922264,,,,,,,,,,,
30021,,,,,,,,,,,,,,,,,,,,,,,,,,,,,,,1063390
30017,,,,18155400,,,,,,,,,,,,,,,,,,,16052700,15211000,,,,,,,
30016,,11090600,,,,,,,,,,8790870,,18163200,,,,,,,,,,,,,,,,,
30015,,,,,,,,,,,,,,,,,,,,,,9416300,,,,,,,,,
29993,,,,,,,,,,,,,,,,23174000,9075860,,,,,,,,,,4083520,,,,
29992,,,,,21113900,23631000,10340800,,,,,,,,,,,,,,,,,,,21081500,,,,,
29991,,,,,,,,,,,,,,,20909500,,,,,,,,,,,,,,,,
29988,,,,,,,,,,,,,,,,,,,,,,,,,14880200,,,,,,
29987,,,,,,,,,,,,,,,,,,3753060,,,,,,,,,,,,,
29986,,,,,,,,,,,,,,,,,,,4084660,,,,,,,,,4169930,,,
29985,,,,,,,,,,,2995860,,,,,,,,,,,,,,,,,,,,
29984,,,241165000,,,,,4175980,5056660,,,,139913000,,,,,,,,,,,54951900,,,,,3655400,,2383020
29983,,9037880,,84877700,,,,,,4132450,,10300100,,195012000,,,,,,3640880,2874520,10763200,294870000,,,,,,,3797620,
29956,,11609800,,,,,,,,,,,,,,,,,,,,,,,,,,,,,
29954,,,,,,,,,,,,9198180,,,,,,,,,,,,,,,,,,,
29951,,,,,,,,,,,,,,,,,,,,,,9633290,,,,,,,,,
29950,,,,,,,,,,,,,,,17818700,,,,,,,,,,,,,,,,
29949,,,,,22867700,,,,,,,,,,,,,,,,,,,,,,,,,,
29946,,,,,,,,,,,,,,,,,,,,,,,,,,,3727210,,,,
29945,,,,,,,,,1516960,,,,,,,,,,,,,,,,,,,,,,
29944,,,,,,,3801270,2360420,,1604070,2599860,,,,,,,,5449750,,2715380,,,66808100,,,,1783150,,,
29943,,,231515000,99363700,,,,,,,,,123751000,202718000,,,3736030,,,3380570,,,280315000,,,4869340,,,,,2014790
29942,,,,,,,,,,,,,,,,,,,,,,,,,,,,,,1452370,
29941,,,,,,7833690,,,,,,,,,,,,,,,,,,,,,,,,,
29933,,,,,,,,,,,,,,,,,,,,,,,,,13045300,,,,,,
29926,,,,,,,,,,,,,,,14975400,,,,,,,,,,,,,,,,
29923,,,,,13016100,,,,,,,,,,,,,,,,,,,,,,,,,,
29921,,,,,,,,,,,630980,,,,,,,,,,,,,,,,,,,,
29920,,,,59549400,,,,,,,,,,58209600,,,,,,,,,,,,,,,,,
29919,,,,,,,,,,,,,,,,,,,,,,,,50453500,,,,,,,
29917,,,16502800,,,,,,,,,,,,,,,,,,,,,,,,,,,,
29915,,,,,,,,,,,,,,,,,,,,,,7237240,,,,,,,,,
29914,,,,,,,,,,,,4975370,,,,,,,,,,,,,,,,,,,
29913,,7491590,,,,,,,,,,,,,,,,,,,773533,,,,,,,,,,
29905,,,,,,,,,,,,,,,,,,,,,,,,,,,,,,,945831
29900,,,20001900,,,,,,,,,,,,,,,,,,,,,,,,,,,,
29899,,,,,,,,,,,,,,,,,,,,,,,20262400,,,,,,,,
29897,,,,,,,,,,,,,21463000,,,,,,,,,,,,,,,,,,
29896,,,,,,,,,,,,,,,,,,,,,,6832580,,,,,,,,,
29895,,8123610,,,,,,,,,1011650,5096580,,,,,,,,,,,,,,,,,,,
29892,,,,,,,,,,,,,,,,,,,,,,,,,,,,,,1538060,
29891,,,,,,,,,,,,,,,,,,,,859544,,,,,,,,,,,
29890,,,,,,15389400,,,,,,,,,,,,,,,,,,,,,,,,,
29888,,,,,22297600,,,,,,,,,,24600700,,,,,,1348450,,,,31459200,,,,,,
29883,,,,,,,,,,,,,,,,,,,,,,,,11295000,,,,,,,
29880,,,,8870820,,,,,,,,,,,,,,,,,,,,,,,,,,,
29876,,,,,,,,,,,,,,9572090,,,,,,,,,,,,,,,,,
29873,,,,,,,,,,,,,,,,,,,,,,,9188760,,,,,,,,
29868,,,,,,,,,,,,3378420,,,,,,,,,,,,,,,,,,,
29855,,,,,,,,,,,,,,,,,,,,,,5103670,,,,,,,,,
29854,,9403160,,,,,,,,,,,,,,,,,,,,,,,,,,,,,
29851,,,,,,9033000,,,,,,,,,,,,,,,,,,,,,,,,,
29849,,,,,17883600,,,,,,,,,,19548600,,,,,,,,,,24623600,,,,,,
29848,,,,,,,,,,,,,,,,,,,,,,,,,,3731530,,,,,
29842,,,,,,,,,,,,,,,,,,,,,1058730,,,,,,,,,,1365580
29841,,,,41379200,,,,,,,,,,,,,,,,,,,,,,,,,,,
29840,,,,,,,,,,,,,,,,,,,,,,,,29077000,,,,,,,
29839,,,,,,,,,,,,,,71046700,,,,,,,,,101154000,,,,,,,,
29838,,,73409800,,,,,,,,,,35485400,,,,,,,,,,,,,,,,,,
29837,,,,,,,,,,,,,,,,,,,,,,3062650,,,,,,,,,
29836,,,,,,,,,,,,2140110,,,,,,1668330,,,,,,,,,,,,,
29814,,,,,,,,,,,,,,,5849930,,,,,,,,,,,,,,,,
29813,,,,,6976900,,,,,,,,,,,,,,,,,,,,5273860,,,,,,
29810,,4894160,,,,,,,,,,,,,,,,,,,,,,,,,,,,,
29804,,,,,,,,,,,,5592420,,,,,,,,,,,,,,,,,,,
29800,,,,,,,,,,,,,,,,,,,,,1493480,5976880,,,,,,,,,
29799,,,,,,,,,,,,,,,,,,,,,,,,,,,,,,,1601410
29798,,,114864000,,,,,,,,,,,,,,,,,,,,147953000,,,,,,,,
29797,,,,,,,,,,,855875,,60870900,98786300,,,,,,,,,,,,,,,,,
29788,,,,,,,,,,,,,,,,,,,,,,,,,13112200,,,,,,
29785,,,,,,,,,,,,,,,30672900,,,,,,,,,,,,,,,,
29784,,,,,38001200,,,,,,,,,,,,,,,,,,,,,,,,,,
29783,,,,69045900,,,,,,,,,,,,,,,,,,,,88087700,,,,,,,
29777,,,21618500,,,,,,,,,,,,,,,,,,,,,,,,,,,,
29770,,,,,,,,,,,,3163120,,,,,,,,,,,,,,,,,,,
29755,,,,,,,,,,,,,,,,,,,,,,,14394500,,,,,,,,
29753,,,11831600,,,,,,,,,,,,,,,,,,,,,,,,,,,,
29752,,,,,,,,,,,,,,,,,,,,,,4411300,,,,,,,,,
29751,,,,,,,,,,,,,16447100,,,,,,,,,,,,,,,,,,
29750,,8056520,,,,,,,,,,1950940,,,,,,,,,,,,,,,,,,,
29747,,,,,,,,,,,,,,,,,,,,,,,,,9209490,,,,,,
29745,,,,,,,,,,,,,,,15439000,,,,,,,,,,,,,,,,
29744,,,,,15522500,,,,,,,,,,,,,,,,,,,23141200,,,,,,,
29743,,,,14058800,,,,,,,,,,,,,,,,,,,,,,,,,,,
29742,,,,,,,,,,,,,,14288200,,,,,,,,,,,,,,,,,
29719,,,,,,20421200,,,,,,,,,,,,,,,,,,,,13405000,,,,,
29718,,,,,,,,,,,,,,,,14579100,,,,,,,,,18041400,,,,,,
29716,,,,,,,,,,,,,,,10915600,,,,,,,,,,,,,,,,
29712,,,,,6434090,,,,,,,,,,,,,,,,,,,,,,,,,,
29710,,,,,,,,,,,,1650710,,,,,,,,,,,,,,,,,,,
29709,,10613400,,,,,,,,,,,16618600,,,,,,,,,5361070,,,,,,,,,
29708,,,,,,,,,,,,,,,,,,,,,,,6759940,,,,,,,,
29703,,,,13148700,,,,,,,,,,,,,,,,,,,,,,,,,,,
29702,,,,,,,,,,,,,,,,,,,,,,,,14348700,,,,,,,
29698,,,,,,,,,,,,,,16146700,,,,,,,,,,,,,,,,,
29694,,,13777300,,,,,,,,,,,,,,,,,,,,,,,,,,,,
29688,,1826850,,,,,,,,,,,,,,,,,,,,,,,,,,,,,
29683,,,,,,,,,,,,,,,3623140,,,,,,,,,,,,,,,,
29679,,,,,,,,,,,,,,,,,,,,,,,,,2396820,,,,,,
29677,,,,,,,,,,,,,,,,,,,,,,,,,,,,2321310,,,
29672,,,,,,,,,,,,,,,,,,1567400,,,,,,,,,,,,,
29668,,4259180,,,,,,,,,,,,,,,,,,,,,,,,,,,,,
29665,,,,12530100,,,,,,,,,,17018700,,,,,,,,,,,,,,,,,
29664,,,,,,,,,,,,,,,,,,,,,,,12575000,5904960,,,,,,,
29663,,,7748150,,,,,,,,,,,,,,,,,,,,,,,,,,,,
29661,,,,,,,,,,,642473,,,,,,,,,,,,,,,,,,,,
29645,,,,,,,,,,,,,,,17335400,,,,,,,,,,,,,,,,
29644,,,,,18837400,,,,,,,,,,,,,,,,,,,,,,,,,,
29639,,,,,,,,,,,,,,,,,,,,,,,,,6705940,,,,,,
29637,,,,,,,,,,,,,,,,,,,,2975330,,,,,,,,,,,
29636,,,,,,,,,,,,,,,,,,,,,,,,88021400,,,,3768520,,,
29635,,8184120,250369000,145514000,,,4836770,4256230,,2782980,,,,270695000,,,4493020,4134770,3745890,,,10553900,329096000,,,,,,1807600,2711470,3216280
29634,,,,,,,,,,,2215920,9931470,101488000,,,6472980,,,,,2059240,,,,,9427660,,,,,
29633,,,,,,4074660,,,,,,,,,,,,,,,,,,,,,,,,,
29613,,5067460,,,,,,,,,,,,,,,,,,,,,,,,2787500,,,,,
29612,,,,40136300,,,,,,,,,,40786500,,,,,,,,3280640,,,,,,,,,
29611,,,,,,,,,,,,,,,,,,,,,,,,29545400,,,,,,,
29610,,,,,,,,,,,,,,,,,,,,,,,19997400,,,,,,,,
29609,,,11784300,,,,,,,,,3114690,,,,,,,,,,,,,,,,,,,
29608,,,,,,,,,,,,,,,,,,,,,,,,,3558940,,,,,,
29603,,,,,,,,,,,,,,,5004740,,,,,,,,,,,,,,,,
29599,,,,,3487910,,,,,,,,,,,,,,,,,,,,,,,,,,
29595,,,,,,,,,,,,,2560560,,,,,,,,,,,,,,,,,,
29578,,,,,,,,,,,,,,,4689910,,,,,,,,,,3320110,,,,,,
29575,,,,,,,,,,,,,,,,,,,,,,,,3734690,,,,,,,
29571,,,,2567020,,,,,,,,,,,,,,,,,,,,,,,,,,,
29568,,,,,,,,,,,,,,5447280,,,,,,,,,,,,,,,,,
29547,,,,,,,,,,,,,34956400,,,,,,,,,,29644700,,,,,,,,
29546,,10193400,19838000,,,,,,,,,,,,,,,,,,,4463950,,,,,,,,,
29545,,,,,,,,,,,,1464050,,,,,,,,,,,,,,,,,,,
29536,,,,,,,,2362790,,,,,,,,,,,,,,,,,,,,,,,
29535,,,,,9073080,,,,,,,,,,13228600,,,,,,,,,,,,,,,,
29534,,,,,,,,,,,,,,,,,,,,,,,,,13458300,,,,,,
29533,,,,,,,,,,,,,,,,2486340,,,,,,,,,,,,,,,
29521,,,,,,,,,,,,,3240000,,,,,,,,,,,,,,,,,,
29510,,,,,,,,,,,,,,,,,,,,,,,,,8641260,,,,,,
29509,,,,,,,,,,,,,,,12178300,,,,,,,,,,,,,,,,
29508,,,,,7323250,3032200,,,,,,,,,,,,,,,,,,,,,,,,,
29502,,,,,,,,,,,,,3513780,,,,,,,,,,,,,,,,,,
29498,,,27492600,,,,,,,,,,,,,,,,,,,,31616700,,,,,,,,
29497,,,,35691800,,,,,,,,,,47611600,,,,,,,,,,,,,,,,,
29476,,,,3114900,,,,,,,,,,,,,,,,,,,,,,,,,,,
29467,,,,,,,,,,,,,,,,,2131740,,,,,,,,,,,,,,
29462,,1378140,,,,,,,,,,,,,,,,,,,,,,,,,,,,,
29443,,,,,,,,,,,,,,,,,,,,,,,,,,,,,1633380,,
29442,,,,,,,,,,,,,,,,,,,1784440,,,,,,,,,,,,
29436,,,,,7277700,,,,,,,,,,,,,,,,,,,,,,,,,,
29434,,,,6809040,,,,,,,,,,4393180,5827160,,2291030,,,,,,,,,,4681270,,,,
29433,,,,,,,4418460,,,,,,,,,,,,,,,,,,,,,,,,
29418,,2128040,,,,,,,,,,,,,,,,,,,,,,,,,,,,,
29409,,,,,,,,,,,,,3899920,,,,,,,,,,,,,,,,,,
29407,,,,,,,,,,,,,,,,,,,,,,,17297200,,,,,,,,
29406,,,,,,,,,,,,,,12984900,,,,,,,,,,,,,,,,,
29394,,,,,6868590,,,,,,,,,,8519680,,,,,,,,,,2904160,,,,,,
29393,,,,7572800,,,,,,,,,,,,,,,,,,,,,,,,,,,
29372,,,,,,9403000,,,,,,,,,,,,,,,,,,,,11335000,,,,,
29371,,,,,,,,,,,,,,,,12304000,,,,,,,,,,,,,,,
29343,,,,,,,,,,,,,2124730,,,,,,,,,,,,,,,,,,
29340,,1471610,,,,,,2161060,,,,,,,,,,,,,,,,,,,,2953440,,,
29315,,,,,,,,,,,,,,,,,,,,3720370,,,,,,,,,,537542,
29314,,,,,,,,,7311010,,,,,,,,,,4259520,,,,,,,,,,5617640,,
29303,,,,,,,,,,,,,,,,,,,,,,,,,,,3386140,,,,
29302,,,,,,,,,,,,,,,,,,4194370,,,,,,,,,,,,,
29301,,,,,,,,3396100,,,,,,,,,,,,,,,,,,,,4844060,,,
29276,,,,,,,,,,954555,,,,,,,,,,,,,,,,,,,,,
29266,,,2311380,,,,,,,,,,,,,,,,,,,,,,,,,,,,
29257,,,,,,,,,,,,,,,,,,,,,,824293,,,,,,,,,
29252,,,,,,,,,,,,,,,,,,,3056120,,,,,,,,,,,,
29251,,,,,,,,,,,,,,,,,,,,,,,,,,,,5465170,,,
29236,,,,,,,20839900,,,,,,,,,,19416200,5158580,,,,,,,,,22417600,,,,
29210,,,,,,,,13788100,,,,,,,,,,6135360,6693560,,,,,,,,,17401900,,,
29195,,,,,,,3545190,,,,,,,,,,,,,,,,,,,,3849950,,,,
29178,,,,,,,,,,,,,,,,,,,,,,,,,,,,,,532133,
29170,,,,,,,,,1629540,,,,,,,,,,10703900,,,,,,,,,16093100,,,
29169,,,,,,,,11442900,,,,,,,,,,3069950,,,,,,,,,,,,,
29112,,,,,,,,,,,,,,,,,,,,,,,,,,,,,,678948,
29107,,,,,,,61107100,,,,,,,,,,45813600,29591800,,,,,,,,,61424300,,,,
29106,,,,,,,,8057790,,,,,,,,,,,,,,,,,,,,6590090,,,
29087,,,,,,,,,,,,,,3447820,,,,,,,,,,,,,,,,,
29086,,,,2721490,,,,,,,,,,,,,,,,,,,,7541840,,,,,,,
29066,,,,,,,,,,,,,,,,,8296940,,,,,,,,,,,,,,
29065,,,,,,,8463200,,,,,,,,,,,,,,,,,,,,11544800,,,,
29063,,,,,,,,,,,,,,,,,,7454550,,,,,,,,,,,,,
29057,,,,,,,,4305700,,,,,,,,,,,,,,,,,,,,,,,
29053,,,,,,,,,,,,2033030,,,,,,,,,,1722320,,,,,,,,,
29051,,2035210,,,,,,,,,,,,,,,,,,,,,,,,,,,,,
29042,,,,,,,,,,,,,,,,,,,,,,,,,,,,,1911540,,
29041,,,,,,,,,,,,,,,,,,,5725720,,,,,,,,,,,,
29040,,,,,,,,,4580150,,,,,,,,,,,,,,,,,,,,,,
29039,,,,,,,,4880150,,,,,,,,,,,,,,,,,,,,,,,
29038,,,,,,,,,,,,,,,,,,,,,,,,,,,,5259420,,,
29026,,,,,,,,,,,,,,,,,,,,,,,,,,,5800570,,,,
29024,,,,,,,,,,,,,,,,,,4130400,,,,,,,,,,,,,
29022,,,,,,,4169270,,,,,,,,,,,,,,,,,,,,,,,,
29012,,,,,,,,,,,,,,,,,,,,,,796617,,,,,,,,,
29011,,,2557190,,,,,,,,,,,,,,,,,,,,,,,,,,,,
29009,,,,,,,,,,,,,1549160,,,,,,,,,,,,,,,,,,
28994,,1242460,,,,,,,,,,,,,,,8193300,,,,,,,,,,,,,,
28993,,,,,,,12012800,,,,,,,,,,,,,,,,,,,,11462200,,,,
28992,,,,,,,,,,,,,,,,,,,,,,,,,,2199210,,,,,
28990,,,,,,,,4400950,,,,,,,,,,,,,,,,,,,,,,,
28989,,,,,,,,,,,,,,,,,,4933170,,,,,,,,,,,,790547,
28987,,,,,,,,,,,,,,,,,,,,,,,,,,,,5206840,,,
28986,,,,,,,,,,,,,,,,2285000,,,,,,,,,,,,,,,
28958,,,,,,,,,,,,,,,,,6421160,,,,,,,,,,,,,,
28957,,,,,,,12705800,,,,,,,,,,,,,,,,,,,,,,,,
28956,,,,,,,,,,,,,,,,,,7250260,,,,,,,,,,,,,
28955,,,,,,,,,,,,,,,,,,,,,,,,,,,11420400,,,,
28954,,,,,,,,,,,,,,,,,,,,,,,,,,,,1766840,,,
28925,,,,,,,,,,,,,,,,,,,1547540,,,,,,,,,,,,
28923,,,,,,,,,,,,,,,,,,,,,,,,,,,,2692730,,,
28914,,,,,,,,,,,,,,,,,3397270,,,,,,,,,,8862270,,,,
28913,,,,,,,,,,,,,,,,,,4915720,,,,,,,,,,,,,
28911,,,,,,,5502630,,,,,,,,,,,,,,,,,,,,,,,,
28884,,,,,,,,,,,,,,,,,2824660,,,,,,,,,,,,,,
28882,,,,,,,,,,,,,,,,,,,,,,,,,,,8567380,,,,
28881,,,,,,,,,,,,,,,,,,6738890,,,,,,,,,,,,,
28880,,,,,,,8112300,2809990,,,,,,,,,,,,,,,,,,,,2945890,,,
28875,,,,,,,,,,,,,,,,,,,,,,1278700,,,,,,,,,
28874,,1884120,3231790,,,,,,,,,,,,,,,,,,,,,,,,,,,,
28869,,,,,,,,,,,1011860,,,,,,,,,,,,,,,,,,,,
28862,,,,,,,,5901360,,,,,,,,,,,5103730,,,,,,,,,7280930,,,
28847,,,,,,28911700,,,,,,,,,,,,,,,,,,,,,,,,,
28846,,,,,,,33710700,,,,,,,,,34222600,29776300,,,,,,,,,44923100,,,,,
28845,,,,,,,,,,,,,,,,,,,,,,,,,,,23001600,,,,
28842,,,,,,,,,,,,,,,,,,5035410,,,,,,,,,,,,,
28816,,,,,,,,,,,,,,,,,,,1081490,,,,,,,,,,,,
28813,,,,,,,,1952560,,,,,,,,,,,,,,,,,,,,,,,
28811,,,,,,,,,,,,,,,,,,2344250,,,,,,,,,,,,,
28810,,,,,,,,,,,,,,,,,,,,,,,,,,,6414160,,,,
28808,,,,,,,,,,,,,,,,,,,,,,,,,,,,,,,501303
28807,,,,,,,10088700,,,,,,,,,,6833580,,,,,,,,,,,,,,
28806,,,,,,,,,,,,,,,,1711020,,,,,,,,,,,,,,,
28792,,1476570,,,,,,,,,,,,,,,,,,,,,,,,,,,,,
28781,,,,,,,,,,,,,,,,,,,,,,932769,,,,,,,,,
28780,,,,,,,,6099860,,,,,,,,,,,,,,,,,,,,,,,
28779,,,,,,,,,,,,,,,,,,5247090,,,,,,,,,,5603870,,,
28775,,,,,,,,,,,,,,,,1642540,,,,,,,,,,,,,,,
28772,,,,,,,,,,,,,,,,,,,,,,,,,,2767840,,,,,
28770,,1530230,,,,,,,,,,,,,,,,,,,,,,,,,,,,,
28767,,,,,,,,,,,,,,2779760,,,,,,,,,,,,,,,,,
28761,,,,,,,,,,,,,,,,,6956330,,,,,,,,,,,,,,
28760,,,,,,,10965800,,,,,,,,,,,,,,,,,,,,,,,,
28759,,,,,,,,,,,,,,,,,,,,,,,,,,,11804600,,,,
28758,,,,,,,,4584110,,,,,,,,,,10401400,,,,,,,,,,,,,
28757,,,,,,,,,,,,,,,,,,,,,827330,,,,,,,,,,
28748,,,,,,,,,,,,,,,,,,,,,,,,,,,,,,1082510,
28745,,,,,,,,,,,,,,,,,,,2549310,,,,,,,,,,,,
28734,,,,,,,,,,,,,,,,,9311090,,,,,,,,,,6454460,,,,
28733,,,,,,,8975400,,,,,,,,,7961440,,,,,,,,,,10443100,,,,,
28732,,,,,,8115620,,,,,,,,,,,,,,,,,,,,,,,,,
28715,,,,,,,8898090,,,,,,,,,,,8077340,,,,,,,,,7992660,,,,
28714,,,,,,,,2776480,1940610,,,,,,,,,,,,,,,,,,,,,,
28700,,,,,,3579670,,,,,,,,,,,,,,,,,,,,,,,,,
28699,,,,,,,9253110,,,,,,,,,,7856120,,,,,,,,,8965590,,,,,
28698,,,,,,,,,,,,,,,,5309080,,,,,,,,,,,6660650,,,,
28676,,,,,,,,,,,,,2111530,,,,,,,,,2081880,,,,,,,,,
28674,,,,,,,,,,,,,,,,,,,,,,,3208520,,,,,,,,
28673,,,,,,,,,,,,,,,,3933110,,,,,,,,,,,,,,,
28671,,,1965980,,,7804860,,,,,,,,,5126900,,,,,,,,,,,,,,,,
28665,,,,,,,,,,,,,,2584740,,,,,,,,,,,,,,,,,
28664,,,,,,,,,,956530,,,,,,,,,,,,,,,,,,,,,
28663,,,,,,,,7063040,,,,,,,,,,,,,,,,,,,,,,,
28662,,,,,,,,,7089020,,,,,,,,,,7856730,,,,,,,,,8655160,4329470,,
28660,,,,,,,,,,,,,,,,,,5144220,,,,,,,,,,,,,
28654,,,,,,,7912300,,,,,,,,,,5201650,,,,,,,,,,,,,,
28652,,,,,,,,,,,,,,,,,,,,,,,,,,,5662890,,,,
28646,,,,,,,,,,1292710,,,,,,,,,,,,,,,,,,,,,
28645,,,,,,,,,,,,,,,,,,,,3783310,,,,,,,,,2743510,,
28640,,,,,,,,,,,,,,,,,,,,,,,,,,,,,,772905,
28631,,,,,,,,,,,,,,,,,3304090,,,,,,,,,,,,,,
28619,,,,,,,,5914990,3560720,,,,,,,,,,8353850,,,,,,,,,,,,
28618,,,,,,,,,,,,,,,,,,,,,,,,,,,,12670600,,,
28607,,,,,,,,,,,,,,,,,,,,,,,,,,6308610,,,,,
28606,,,,,,,11991100,,,,,,,,,,7863650,,,,,,,,,,,,,,
28605,,,,,,,,,,,,,,,,,,,,,,,,,,,10103500,,,,
28604,,,,,,4051670,,,,,,,,,,3523540,,,,,,,,,,,,,,,
28602,,,,,,,,,,,,,,,,,,10138100,,,,,,,,,,,,,
28600,,,,,,,,,,,,,,,,,,,,2361670,,,,,,,,6158930,,,
28599,,,,,,,,6490710,2466880,,,,,,,,,,,,,,,,,,,,1469660,,
28583,,,,,,,,,,,,,,,,,,,1171350,,,,,,,,,,,,
28569,,,,,,,,,,,,,,,,,,,,,,,,,,,,,,,490442
28558,,,,,,,,,,,,,,,,,,,,,,,,,,,,16816300,,,
28557,,,,,,,,17972200,,,,,,,,,,20529400,,,,,,,,,,,,,
28556,,,,,,,13862400,,,,,,,,,,,,,,,,,,,,14357400,,,,
28555,,,,,,,,,,,,,,,,,,,,,,,,,,3743730,,,,,
28554,,,,,,,,,,,,,,,,,7958450,,,,,,,,,,,,,,
28542,,,,,,,,,,,,,,,,,,,10116200,,,,,,,,,,,,
28541,,,,,,,,,,,,,,,,,,,,,,,,,,,,14184600,,,
28539,,,,,,,,,2417840,,,,,,,,,,,,,,,,,,,,,,
28538,,,,,,,,,,,,,,,,,,,,,,,,,,,,,1573990,,
28533,,,,,,,,,,889441,,,,,,,,,,,,,,,,,,,,,
28532,,,,,,,,,,,,,,,,,,,,,,,,,,,,,,1017170,
28531,,,,,,,,,,,,,,,,,,,,1543800,,,,,,,,,,,
28529,,,2288070,,,,,,,,,,,,,,,,,,,,,,,,,,,,
28515,,,,,,,,13981300,,,,,,,,,,28828200,,,,,,,,,,17735400,,,
28514,,,,,,,24005400,,,,,,,,,,,,,,,,,,,,21787000,,,,
28513,,,,,,,,,,,,,,,,,11643600,,,,,,,,,,,,,,
28497,,,,,,,,,,,,,,,,,,,8912500,,,,,,,,,,,,
28495,,,,,,,,,3023710,,,,,,,,,,,,,,,,,,,,,,
28492,,,,,,,,,,1923300,,,,,,,,,,2063290,,,,,,,,,,,
28474,,,,,,,,,,2238030,,,,,,,,7429580,,,,,,,,,,,,,549076
28472,,,,,,,,,,,,,,,,,,,,790412,,,,,,,,,,,
28469,,,,,,,,,,,,,,,,,,,,,603581,,,6021980,,,,,,,
28459,,,,,,4866650,,,,,,,,,,,,,,,,,,,,,,,,,
28455,,,,,,,62177400,,,,,,,,,,56374900,,,,,,,,,10954600,53849100,,,,
28454,,,,,,,,,,,,,,,,6086980,,,4687420,,,,,,,,,,,,
28452,,,,,,,,,,,,,,,,,,,,1156570,,,,,,,,,,,
28448,,,,,,,,,,1034280,,,,,,,,,,,,,,,,,,,,,
28439,,,,,,,,,,,,,,,,,,18345200,,,,,,,,,,,,,
28438,,,,,,,,9433020,,,,,,,,,,,,,,,,,,,,9283150,,,
28431,,,,,,,,,1749260,,,,,,,,,,,,,,,,,,,,,,
28411,,,,,,,84971600,,,,,,,,,71626400,82105800,,,,,,,,,,67696800,,,,
28410,,,,,,59448400,,,,,,,,,,,,,,,,,,,,86677800,,4975230,,,
28408,,,,,,,,,,,,,,,,,,,,,,952978,,,,,,,,,
28394,,,,,,,,,,,,,,,,,,18329200,,,,,,,,,,,,,
28391,,,,,,,,15034000,,,,,,,,,,,,,,,,,,,,,,,
28390,,,,,,,,,,,,,,,,,,,,,,,,,,,,17801400,,,
28389,,,,,,,,,5903320,,,,,,,,,,12760400,,,,,,,,,,,,
28373,,,,,,,,,,,,,,,,,,,,,,,,,,,,,,728998,
28372,,,,,,,,,5107930,,,,,,,,,,,,,,,,,,,,3388460,,
28371,,,,,,,,6288780,,,,,,,,,,,,,,,,,,,,10257300,,,
28370,,,,,,,16845800,,,,,,,,,,17815600,3114750,,,,,,,,12260700,11876700,,,,
28369,,,,,,,,,,,,,,,,4866670,,,,,628860,,,,,,,,,,
28349,,,,,,,,,,,,,,,,,,,,,,,,,,,7343080,,,,
28348,,,,,,,7810780,,,,,,,,,,,,,,,,,,,,,,,,
28347,,,,,,,,,,,,,,,,,,15213700,,,,,,,,,,,,,
28346,,,,,,,,,,,,,,,,,,,9208270,,,,,,,,,16217300,,,
28345,,,,,,,,16308400,,,,,,,,,,,,,,,,,,,,,,,
28340,,,,,,,,,,,,,,,,,,,,,,,2338330,,,,,,,,
28330,,,,,,,,,,,,,,,,,4675970,,,,,,,,,,,,,,
28329,,,,,,,,,,,,,,,,,,,,,,,,,,3226170,,,,,
28327,,1744900,,,,,,,,,,,,,,,,,4093890,,,,,,,,3854940,,,,
28326,,,,,,,,,2948730,,,,,,,,,,,,,,,,,,,,,,
28308,,,,,,,6011790,,,,,,,,,,7334470,,,,,,,,,,10830400,,,,
28286,,,,,,,7786650,,,,,,,,,,,,,,,,,,,,8062100,,,,
28284,,,,,,,,,,,,,,,,,,11597600,,,,,,,,,,,,,
28283,,,,,,,,6491840,,,,,,,,,,,,,,,,,,,,8291710,,,
28280,,,,,,,,,,,,,,,,,,,3767060,,,,,,,,,,,,
28265,,,,,,,20552200,,,,,,,,,8593440,21616500,,,,,,,,,10337000,18538100,,,,
28246,,,,,,,,,,,,,,,,,,2673410,,,,,,,,,,,,,
28243,,,,,,,,2365300,,,,,,,,,,,,,,,,,,,,,,,
28239,,,,,,,,,,,,,,,,,,,,,2336290,,,,,,,,,,
28237,,,,,,,,,,893708,,,,,,,,,,,,,,,,,,,,,
28224,,,,,,,7737940,,,,,,,,,,,,,,,,,,,,6796440,,,,
28223,,,,,,,,,,,,,,,,,4125310,,,,,,,,,,,,,,
28221,,,,,,,,,,,639077,,,,,,,,,,,,,,,,,,,,
28206,,,,,,,,,,,,,,,,,,5404300,,,,,,,,,,,,,
28205,,,,,,,,,,,,,,,,,,,,,,,,,,,3887750,,,,
28204,,,,,,,,5056350,,,,,,,,,,,,,,,,,,,,,,,
28203,,,,,,,,,,,,,,,,,,,,,,,,,,,,6948110,,,
28199,,,,,,,,,,,,,,,,,,,3860990,,,,,,,,,,,,
28197,,,,,,,,,3115200,,,,,,,,,,,,,,,,,,,,,,
28190,,,,,,,,,,,,,,,,,,,,1584000,,,,,,,,,,,
28188,,,,,,,,,,,2831860,,,,,,,,,,,,,,,,,,,,
28179,,,,,,,,,,,,,,,,1552490,,,,,,,,,,,,,,,
28166,,,,,,,,,,,,,,,,,,11847600,,,,,,,,,,9552390,,,
28165,,,,,,,3733820,5588440,,,,,,,,,,,,,,,,,,,,,,,
28164,,,,,,,,,,,,,,,,,,,,,,,,,,,8060980,,,,
28153,,,,,,,,,,,,,,,,,,,,1136250,,,,,,,,,,,
28149,,,,,,,,,,,,,,,,,2489850,,,,,,,,,,,,,,
28148,,,,,,,6014810,,,,,,,,,,,,,,,,,,,,,,,,589254
28107,,,,,,2914310,,,,,,,,,,,,,,,,,,,,,,,,,
28106,,,,,,,7067360,,,,1198510,,,,,,,,,,,,,,,,3580490,,,,818108
28098,,,,,,,,,,,,,,,,,,2504860,,,,,,,,,,,,,
28075,,,,,,,,,,827827,,,,,,,,,,,,,,,,,,,,,
28063,,,,,,,16326600,,,,,,,,,,11869100,,,,,,,,,,18699700,,,,
28046,,,,,,,,,,,,,,,,,,,,,,,,,,,,2537040,,,
28044,,,,,,,,,,,,,,,,,,9017200,,,,,,,,,,,,,
28043,,,,,,,,,,1566850,,,,,,,,,,,,,,,,,,,,6110960,
28042,,,,,,,,,,,,,,,,,,,,8036810,,,,,,,,,,,
28041,,,,,,,,,,,,,,,,,,,,,2068480,,,,,,,,,,
28040,,,,,,,,,3475840,,,,,,,,,,,,,,,,,,,,,,
28039,,,,,,,,,,,,,,,,,,,,,,,,,,,,,1516010,,
28038,,,,,,,,,,,,,,,,,,,,,,,,,,,,,,,2485540
28021,,,,,,1784790,,,,,,,,,,,6742030,,,,,,,,,,4955790,,,,
28020,,,,,,,8251030,,,,,,,,,2002250,,,,,,,,,,,,,,,
28019,,,,,,,,,,,,,,,,,,,,,,,,,,3535000,,,,,
28003,,,,,,,,,,1381330,,,,,,,,,,,,,,,,,,,,,
27977,,,,,,,,,,,,,,,,,,,,,,,,,,,,,,843017,
27976,,,,,,,,,,2977760,,,,,,,,,,,,,,,,,,,,,
27941,,,,,,,,,24686500,,,,,,,,,,12027000,,,,,,,,,,29843200,,
27940,,,,,,,,,,,,,,,,,,,,20080400,,,,,,,,,,,
27938,,,,,,,,,,742169,,,,,,,,,,,,,,,,,,,,,
27932,,,,,,,,,,,,,,,,,,,,,,,,,,,,,,1403860,
27918,,,,,,,8731290,,,,,,,,,,,,,,,,,,,,,,,,
27916,,,,,,,,,,,,,,,,,7980090,,,,,,,,,,8196770,,,,
27915,,,,,,,,,,,,,,,,,,,,,,,,,,3066540,,,,,
27900,,,,,,,,,,,,,,,,,,,,,,,,,,,,,3770430,,
27899,,,,,,,,,,,,,,,,,,3870540,,,,,,,,,,,,,
27898,,,,,,,,,2700940,,,,,,,,,,,3129600,,,,,,,,,,,
27896,,,,,,,,,,1540340,,,,,,,,,,,,,,,,,,,,,
27875,,,,,,,,,,,,,,,,,2557700,,,,,,,,,,3855310,,,,
27874,,,,,,,,,,,,,,,,,,,,,,,,,,,,,,,544250
27854,,,,,,,,,,,,,1574850,,,,,,,,,,,,,,,,,,
27852,,,,,,,,,,,,,,,,,,,,,,,5369620,,,,,,,,
27833,,,,,,,,,,,,,2025410,,,,,,,,,,,,,,,,,,
27828,,,,,,,,,16179600,,,,,,,,,,11461900,,,,,,,,,,18456300,,
27827,,,,,,,,,,,,,,,,,,,,8822020,,,,,,,,,,,
27793,,,,,,,,,,,,,,,,,,,1712140,,,,,,,,,,2826750,,
27791,,,,,,,,,3073140,,,,,,,,,,,,,,,,,,,,,,
27763,,,,,,,,,,945639,,,,,,,,,,,1413960,,,4587580,,,,,,,
27754,,,,,,,,,,,,,,,,,,,,,,,,,,,4583690,,,,
27749,,,,,,,,,,,,,,,,,,,,719398,,,,,,,,,,,
27748,,,,,,,,,,,,,,,,,,,,,,,,,,,,,2064710,,
27745,,,,,,,,,,,,,,,,,,,,,,,,,,,,,,680729,
27740,,,,,,,,,,,,,,,,,,,,,,,,,,,,2589640,,,
27733,,,,,,,,,,,,,,,,,,,,,,,,,,,,,,,479335
27713,,,,,,,,,,,,,,,,3140750,,,,,,,,,,,,,,,
27712,,,,,,,12702500,,,,,,,,,,15692600,,,,,,,,,4299670,,,,,
27711,,,,,,,,,,,,,,,,,,,,,,,,,,,13632000,,,,
27707,,,,,,,,,,,,,,2914480,,,,,,,,,,,,,,,,,
27705,,,,,,,,,,,,,,,,,,,,,,,,3910090,,,,,,,
27694,,,,,,,,,,,,,,,,,,,,,580476,,,,,,,,,646242,
27692,,,,,,,,,,,,,,,,,,,,,,,,,,,,,,,511343
27685,,,,,,,,,,,,,,,,,,,,924420,,,,,,,,,,,
27682,,,,,,,,,,,,,,,,,,,,,,,,,,,,,1729580,,
27681,,,,,,,,,,,,,,2772090,,,,,,,,,,,,,,,,,
27654,,,,,,,,,,,,,,,,,,,,,,,,4830600,,,,,,,
27647,,,,,,,,,,,,,,,,,,,,2448430,,,,,,,,,,,
27645,,,,,,,,,,,,,,,,,,,,,,,,,,,,,3437510,,
27643,,,,,,,,,2473690,,,,,,,,,,,,,,,,,,,,,,
27615,,,,,,,,,,,,,2113240,,,,,,,,,,,,,,,,,,
27611,,,,,,,,2175730,,,,,,,,,,,4407770,,,,,,,,,,,,
27610,,,,,,,,,,,,,,,,,,,,,,,,,,,,,2190730,,
27609,,,,,,,,,3240700,,,,,,,,,,,,,,,,,,,,,,
27593,,,,,,,,,,,,,,,,,,,,,,,,,,,,,2048390,,
27592,,,,,,,,,2968210,,,,,,,,,,,,,,,,,,,,,,
27591,,,,,,,,,,,,,,,,,,,,1531250,,,,,,,,,,,
27587,,,,,,,,,,,,,,,,,,,,,,,,,,,,,,1811530,
27586,,,,,,,,,,2083920,,,,,,,,,,,,,,,,,,,,,
27584,,,,,,,,,,,,,,,,,,,,,659914,,,,,,,,,,
27569,,,,,,,,,,,,,1877990,,,,,,,,,,,,,,,,,,
27567,,,3672870,,,,,,,,,,,,,,,,,,,,,,,,,,,,
27557,,,,,,,,,,,,,,,,,,,,,,,,3325630,,,,,,,
27552,,,,,,,,,,,,,,,,,,,,2425090,,,,,,,,,3246070,,
27550,,,,,,,,,1547920,,,,,,,,,,,,,,,,,,,,,,
27549,,,,,,,,,,,,,,,,,,,,,,,,,,,,,,910692,
27548,,,,,,,,,,1112480,,,,,,,,,,,,,,,,,,,,,
27529,,,,,,,,,,,,,,,,,,,,2070690,,,,,,,,,,,
27528,,,,,,,,,,,,,,,,,,,,,,,,3381760,,,,,,,
27527,,,,,,,,,5140050,,,,,,,,,,,,,,,,,,,,,,
27526,,,,,,,,,,,,,,,,,,,,,,,,,,,,6238730,4112110,,
27525,,,,,,,,,,,,,,,,,,,6641940,,,,,,,,,,,,
27524,,,,2502390,,,,,,,,,,,,,,,,,,,,,,,,,,,
27510,,,,,,,,,,,,,,,,,,,,,,,2667110,,,,,,,,
27508,,,,,,,,,,,,,2012770,,,,,,,,,,,,,,,,,,
27482,,,,,,,,,,,,,,,,,,,,1649050,,,,,,,,,,,
27481,,,,,,,,,,,,,,,,,,,2875570,,,,,,,,,,2926930,,
27450,,,,,,,,,,2178880,,,,,,,,,,,,,,,,,,,,,
27448,,,,,,,,,,,,,,,,,,1468520,,,,,,,,,,,,,
27447,,,,,,,,,,,,,,,,1881980,,,,,,,,,,,,,,,
27443,,,,,,,,,3748370,,,,,,,,,,,,,,,,,,,,,,
27442,,,,,,,,,,,,,,,,,,,,,,,,,,,,,4168960,,
27441,,,,,,,,,,,,,,,,,,,,2004140,,,,,,,,,,,
27436,,,2032870,,,,,,,,,,,,,,,,,,,,,,,,,,,,
27433,,,,,,2788270,,,,,,,,,,,,,,,,,,,,,,,,,
27421,,,,,,,,,,,,,2622170,,,,,,,,,,,,,,,,,,
27402,,,,,,,,,,,,,,,,1983860,,,,,,,,,,,,,1411650,,
27401,,,,,,,,,,,,,,3054030,,,,,,,,,,,,4061170,,,,,
27398,,,,,,,,,,,,,1655490,,,,,,,,,,,,,,,,,,
27397,,,,,,,,,,,672194,,,,,,,,,,,,,,,,,,,,
27379,,,,,,,,,,,,,,,,,,,,,,,1881840,,,,,,,,
27356,,,,,,2992050,,,,,,,,,,2054980,,,,,,,,,,,,,,,
27353,,,,,,,,,,,,,,,,,,,,,,,,,,,,,,789839,
27351,,,,,,,,,,,,,,,,,,,,,,1275890,,,,,,,,,
27350,,1306470,,,,,,,,,,,,,,,,,,,,,,,,,,,,,
27317,,,,,,,,,,898069,,,,,,,,,,,,,,,,,,,,,
27310,,,,,,1964360,,,,,,,,,,,,,,,,,,,,,,,,,
27271,,,2245100,,,,,,,,,,,,,,,,,,,,,,,,,,,,
27243,,,,,,,,,,1192370,,,,,,,,,,6609160,,,,,,,,,,,
27242,,,,,,,,,4638600,,,,,,,,,,,,,,,,,,,,3634650,,
27240,,,,,,,,,,,,,,,,,,,,,,,,,,,,,,1487580,
27234,,,,,,,,,,,,,,,,,,,,,,,7271320,,,,,,,,
27233,,,,,,,,,,,,1647820,,,,,,,,,,,,,,,,,,,
27231,,,,,,,,,,,,,6489730,,,,,,,,,,,,,,,,,,
27216,,,,,,,,,,,,,,,,,,,,,,979398,,,,,,,,,
27196,,,,,,,,,,,,,,,,,,,,,,919965,,,,,,,,,
27165,,,,,,5984250,,,,,,,,,,,,,,,,,,,,,,,,,
27162,,,,,,,,,,,,,,,,,,,,,,,,,3613620,,,,,,
27155,,,,,,,,,,,572354,,,,,,,,,,,,,,,,,,,,
27149,,,,,,3014310,,,,,,,,,,,,,,,,,,,,,,,,,
27139,,,,,,,,,,,,,,,,,,,,,,,,,,,,,,,604932
27131,,,,,,,,,4331880,,,,,,,,,,,,,,,,,,,,,,
27130,,,,,,,,,,,,,,,,,,,,5117210,,,,,,,,,,,
27129,,,,,,,,,,,,,,,,,,,,,,,,,,,,,2979030,,
27109,,,,,,,,,,,,,,,,,,,,,,,2133120,,,,,,,,
27073,,,,,,5154100,,,,,,,,,,,,,,,,,,,,,,,,,
27049,,,,,,2309720,,,,,,,,,,,,,,,,,,,,,,,,,
27029,,,,,,,,,,,,,,,,,,,,,,,2797230,,,,,,,,
